date,sleep_h,bedtime,wake,bb_high,bb_low
2025-06-16,,,,67,57
2025-06-17,8.65,10:40 PM,7:20 AM,100,15
2025-06-18,8.57,10:13 PM,6:51 AM,86,21
2025-06-19,8.58,10:38 PM,7:16 AM,98,7
2025-06-20,9.35,10:10 PM,7:31 AM,81,13
2025-06-21,6.07,1:14 AM,7:18 AM,50,5
2025-06-22,8.92,10:24 PM,7:19 AM,90,5
2025-06-23,9.10,10:21 PM,7:28 AM,80,19
2025-06-24,8.97,10:31 PM,7:30 AM,,
2025-06-25,8.10,10:29 PM,6:39 AM,49,14
2025-06-26,9.85,9:11 PM,7:10 AM,91,24
2025-06-27,8.52,10:46 PM,7:22 AM,95,28
2025-06-28,8.65,10:27 PM,7:06 AM,,
2025-06-29,8.57,10:30 PM,7:05 AM,,
2025-06-30,9.03,10:13 PM,7:15 AM,,
2025-07-01,8.88,10:26 PM,7:21 AM,,
2025-07-02,8.77,10:35 PM,7:21 AM,,
2025-07-03,8.00,10:29 PM,6:31 AM,,
2025-07-04,8.70,10:25 PM,7:07 AM,,
2025-07-05,9.98,10:21 PM,8:21 AM,,
2025-07-06,7.13,11:57 PM,7:06 AM,,
2025-07-07,9.07,10:15 PM,7:20 AM,,
2025-07-08,8.15,10:19 PM,6:31 AM,,
2025-07-09,8.28,10:55 PM,7:13 AM,,
2025-07-10,8.98,10:26 PM,7:26 AM,68,13
2025-07-11,8.98,10:23 PM,7:24 AM,85,8
2025-07-12,8.62,10:32 PM,7:09 AM,62,5
2025-07-13,8.60,10:25 PM,7:01 AM,87,5
2025-07-14,8.40,10:22 PM,6:46 AM,60,8
2025-07-15,8.43,10:52 PM,7:21 AM,77,11
2025-07-16,8.90,10:30 PM,7:24 AM,87,8
2025-07-17,8.58,10:31 PM,7:07 AM,81,5
2025-07-18,8.05,11:18 PM,7:22 AM,70,5
2025-07-19,10.10,9:48 PM,7:54 AM,64,5
2025-07-20,8.70,10:22 PM,7:14 AM,51,5
2025-07-21,8.85,10:28 PM,7:21 AM,65,5
2025-07-22,8.50,10:30 PM,7:03 AM,90,9
2025-07-23,8.78,10:19 PM,7:06 AM,87,7
2025-07-24,8.83,10:34 PM,7:25 AM,77,13
2025-07-25,8.67,10:38 PM,7:18 AM,,
2025-07-26,8.50,10:24 PM,6:55 AM,,
2025-07-27,8.80,10:11 PM,7:01 AM,,
2025-07-28,9.17,10:13 PM,7:23 AM,,
2025-07-29,8.97,10:07 PM,7:06 AM,,
2025-07-30,8.72,10:25 PM,7:09 AM,,
2025-07-31,7.72,11:12 PM,6:58 AM,,
2025-08-01,8.48,10:51 PM,7:20 AM,,
2025-08-02,8.65,10:12 PM,6:51 AM,,
2025-08-03,8.63,10:32 PM,7:13 AM,,
2025-08-04,9.02,10:21 PM,7:24 AM,,
2025-08-05,9.08,10:19 PM,7:26 AM,,
2025-08-06,8.75,10:37 PM,7:24 AM,,
2025-08-07,8.88,10:21 PM,7:14 AM,,
2025-08-08,8.73,10:29 PM,7:15 AM,,
2025-08-09,8.82,10:26 PM,7:16 AM,,
2025-08-10,8.70,10:11 PM,6:55 AM,,
2025-08-11,8.83,10:14 PM,7:04 AM,,
2025-08-12,11.63,8:32 PM,8:10 AM,,
2025-08-13,9.27,10:07 PM,7:25 AM,,
2025-08-14,8.20,10:22 PM,6:34 AM,,
2025-08-15,8.62,10:12 PM,7:05 AM,,
2025-08-16,8.32,10:13 PM,6:34 AM,,
2025-08-17,10.23,10:27 PM,8:45 AM,,
2025-08-18,9.33,10:08 PM,7:31 AM,,
2025-08-19,8.85,10:16 PM,7:08 AM,,
2025-08-20,9.12,10:15 PM,7:23 AM,,
2025-08-21,8.10,10:36 PM,6:42 AM,,
2025-08-22,11.50,8:31 PM,8:06 AM,,
2025-08-23,8.93,10:09 PM,7:09 AM,,
2025-08-24,8.80,10:27 PM,7:18 AM,,
2025-08-25,8.25,10:59 PM,7:14 AM,,
2025-08-26,8.65,10:27 PM,7:12 AM,,
2025-08-27,9.17,10:14 PM,7:27 AM,,
2025-08-28,9.23,10:10 PM,7:24 AM,,
2025-08-29,8.83,10:16 PM,7:06 AM,,
2025-08-30,8.43,10:37 PM,7:04 AM,,
2025-08-31,8.70,10:23 PM,7:07 AM,,
2025-09-01,8.60,10:31 PM,7:08 AM,,
2025-09-02,8.88,10:17 PM,7:15 AM,,
2025-09-03,8.35,10:57 PM,7:21 AM,,
2025-09-04,8.83,10:15 PM,7:25 AM,,
2025-09-05,9.15,10:20 PM,7:33 AM,,
2025-09-06,8.75,10:18 PM,7:03 AM,,
2025-09-07,8.47,10:42 PM,7:12 AM,,
2025-09-08,8.58,10:31 PM,7:07 AM,,
2025-09-09,8.28,10:44 PM,7:01 AM,,
2025-09-10,8.42,10:35 PM,7:00 AM,,
2025-09-11,8.25,11:06 PM,7:22 AM,,
2025-09-12,8.78,10:48 PM,7:37 AM,76,6
2025-09-13,9.13,9:51 PM,7:05 AM,52,5
2025-09-14,9.08,10:04 PM,7:09 AM,76,5
2025-09-15,9.03,9:46 PM,6:55 AM,54,11
2025-09-16,8.93,10:13 PM,7:12 AM,91,7
2025-09-17,7.80,11:00 PM,6:57 AM,33,5
2025-09-18,5.77,10:51 PM,4:38 AM,23,5
2025-09-19,8.67,9:32 PM,6:28 AM,88,11
2025-09-20,8.70,10:20 PM,7:02 AM,87,23
2025-09-21,8.32,10:14 PM,7:17 AM,94,32
2025-09-22,,,,71,5
2025-09-23,8.95,10:11 PM,7:18 AM,47,5
2025-09-24,8.15,10:24 PM,6:34 AM,84,9
2025-09-25,8.88,10:30 PM,7:24 AM,,
2025-09-26,9.87,9:39 PM,7:36 AM,,
2025-09-27,7.97,11:08 PM,7:07 AM,,
2025-09-28,8.65,10:32 PM,7:11 AM,,
2025-09-29,9.17,10:06 PM,7:16 AM,,
2025-09-30,9.30,9:52 PM,7:11 AM,,
2025-10-01,8.32,10:52 PM,7:12 AM,,
2025-10-02,9.00,10:19 PM,7:19 AM,,
2025-10-03,9.92,10:18 PM,8:16 AM,,
2025-10-04,8.62,10:31 PM,7:09 AM,,
2025-10-05,8.08,10:38 PM,7:13 AM,,
2025-10-06,8.57,10:26 PM,7:03 AM,,
2025-10-07,8.68,10:33 PM,7:14 AM,,
2025-10-08,9.08,10:14 PM,7:26 AM,,
2025-10-09,9.00,10:50 PM,7:51 AM,,
2025-10-10,7.58,11:26 PM,7:05 AM,,
2025-10-11,9.67,10:28 PM,8:19 AM,,
2025-10-12,8.02,10:26 PM,6:33 AM,,
2025-10-13,9.10,10:10 PM,7:17 AM,,
2025-10-14,8.72,10:40 PM,7:29 AM,,
2025-10-15,8.62,10:42 PM,7:22 AM,,
2025-10-16,9.30,10:09 PM,7:27 AM,,
2025-10-17,8.43,10:35 PM,7:06 AM,,
2025-10-18,13.40,9:02 PM,10:26 AM,,
2025-10-19,11.90,8:37 PM,8:31 AM,,
2025-10-20,8.57,10:18 PM,6:52 AM,,
2025-10-21,7.90,10:44 PM,6:38 AM,,
2025-10-22,8.40,9:13 PM,5:38 AM,,
2025-10-23,7.70,10:07 PM,5:49 AM,,
2025-10-24,7.88,9:39 PM,5:36 AM,37,21
2025-10-25,10.07,10:16 PM,8:21 AM,96,15
2025-10-26,13.68,7:24 PM,9:17 AM,26,5
2025-10-27,9.05,9:54 PM,6:57 AM,87,13
2025-10-28,8.33,10:09 PM,6:30 AM,88,14
2025-10-29,10.50,10:13 PM,8:44 AM,87,23
2025-10-30,9.87,10:22 PM,8:16 AM,93,7
2025-10-31,10.12,10:17 PM,8:25 AM,72,10
2025-11-01,9.28,10:21 PM,8:01 AM,81,7
2025-11-02,8.92,11:19 PM,8:14 AM,52,5
2025-11-03,9.18,10:15 PM,7:27 AM,76,8
2025-11-04,8.52,10:41 PM,7:12 AM,84,10
2025-11-05,6.35,10:58 PM,5:19 AM,74,13
2025-11-06,7.50,11:47 PM,7:30 AM,47,5
2025-11-07,10.75,10:00 PM,8:48 AM,56,5
2025-11-08,8.90,10:10 PM,7:06 AM,72,14
2025-11-09,,,,75,9
2025-11-10,8.47,10:19 PM,6:47 AM,69,12
2025-11-11,9.33,10:08 PM,7:29 AM,82,20
2025-11-12,9.78,10:21 PM,8:09 AM,84,16
2025-11-13,9.83,10:24 PM,8:15 AM,72,16
2025-11-14,9.38,10:30 PM,7:53 AM,78,11
2025-11-15,9.45,10:17 PM,7:44 AM,77,9
2025-11-16,8.38,10:14 PM,6:38 AM,71,9
2025-11-17,8.80,10:16 PM,7:05 AM,71,15
2025-11-18,8.85,10:22 PM,7:14 AM,87,20
2025-11-19,9.53,10:22 PM,7:55 AM,84,10
2025-11-20,9.12,10:08 PM,7:19 AM,71,18
2025-11-21,9.60,10:06 PM,7:46 AM,60,9
2025-11-22,4.70,3:18 AM,8:00 AM,58,14
2025-11-23,8.68,10:21 PM,7:02 AM,90,16
2025-11-24,9.12,10:09 PM,7:17 AM,78,15
2025-11-25,9.37,10:22 PM,7:46 AM,82,19
2025-11-26,7.67,11:00 PM,7:10 AM,79,5
2025-11-27,9.20,10:05 PM,7:20 AM,69,5
2025-11-28,8.98,10:17 PM,7:16 AM,40,5
2025-11-29,9.02,10:07 PM,7:08 AM,67,7
2025-11-30,9.67,10:34 PM,8:14 AM,63,7
2025-12-01,6.42,12:57 AM,7:22 AM,31,5
2025-12-02,9.45,10:41 PM,8:11 AM,42,5
2025-12-03,9.98,9:41 PM,7:42 AM,42,15
2025-12-04,10.05,9:27 PM,7:34 AM,71,22
2025-12-05,7.80,12:47 AM,8:36 AM,58,7
2025-12-06,8.78,10:16 PM,7:04 AM,60,7
2025-12-07,9.30,10:13 PM,7:33 AM,75,10
2025-12-08,9.17,10:10 PM,7:21 AM,72,14
2025-12-09,8.73,10:44 PM,7:30 AM,82,15
2025-12-10,10.25,10:06 PM,8:21 AM,70,15
2025-12-11,9.95,10:06 PM,8:20 AM,68,18
2025-12-12,9.57,10:24 PM,7:58 AM,85,21
2025-12-13,9.15,10:09 PM,7:19 AM,88,8
2025-12-14,9.03,10:12 PM,7:21 AM,52,7
2025-12-15,9.28,10:11 PM,7:29 AM,72,13
2025-12-16,8.87,10:25 PM,7:25 AM,81,17
2025-12-17,8.93,10:38 PM,7:35 AM,89,26
2025-12-18,9.67,10:20 PM,8:02 AM,99,22
2025-12-19,9.12,10:55 PM,8:07 AM,66,14
2025-12-20,8.70,10:20 PM,7:04 AM,78,18
2025-12-21,8.43,10:52 PM,7:18 AM,93,11
2025-12-22,8.97,10:31 PM,7:29 AM,72,16
2025-12-23,9.27,10:12 PM,7:28 AM,93,21
2025-12-24,8.17,10:18 PM,6:30 AM,89,27
2025-12-31,,,,57,9
2026-01-01,8.98,10:48 PM,7:48 AM,45,12
2026-01-02,8.78,10:38 PM,7:28 AM,100,26
2026-01-03,10.13,10:43 PM,8:51 AM,90,16
2026-01-04,,,,72,22
2026-01-05,9.03,10:26 PM,7:30 AM,90,21
2026-01-06,9.02,10:32 PM,7:35 AM,92,20
2026-01-07,10.15,10:04 PM,8:13 AM,85,20
2026-01-08,9.02,10:28 PM,7:29 AM,81,23
2026-01-09,10.03,10:17 PM,8:19 AM,89,19
2026-01-10,8.03,10:32 PM,6:46 AM,82,5
2026-01-11,7.95,11:31 PM,7:29 AM,81,6
2026-01-12,8.77,10:39 PM,7:28 AM,81,12
2026-01-13,8.90,10:27 PM,7:31 AM,87,16
2026-01-14,9.85,10:20 PM,8:12 AM,79,17
2026-01-15,9.87,10:34 PM,8:28 AM,79,17
2026-01-16,8.35,10:44 PM,7:12 AM,80,20
2026-01-17,,,,62,8
2026-01-18,8.93,11:24 PM,8:27 AM,70,10
2026-01-19,7.87,12:09 AM,8:07 AM,89,27
2026-01-20,7.78,11:34 PM,7:28 AM,85,16
2026-01-21,8.40,11:05 PM,7:29 AM,83,14
2026-01-22,9.20,10:45 PM,7:57 AM,84,18
2026-01-23,9.67,10:13 PM,7:59 AM,93,27
2026-01-24,7.17,10:12 PM,5:32 AM,90,11
2026-01-25,9.33,10:04 PM,7:25 AM,72,5
2026-01-26,8.75,10:41 PM,7:58 AM,58,5
2026-01-27,9.75,9:31 PM,7:32 AM,91,27
2026-01-28,9.98,10:02 PM,8:01 AM,96,30
2026-01-29,10.43,9:55 PM,8:27 AM,93,25
2026-01-30,9.88,10:10 PM,8:03 AM,87,23
2026-01-31,8.48,10:57 PM,7:26 AM,95,20
2026-02-01,9.07,10:09 PM,7:24 AM,95,12
2026-02-02,9.20,10:15 PM,7:32 AM,86,21
2026-02-03,9.28,10:17 PM,7:34 AM,100,16
2026-02-04,9.43,10:46 PM,8:12 AM,88,22
2026-02-05,9.73,10:24 PM,8:09 AM,96,27
2026-02-06,9.68,10:09 PM,7:50 AM,93,13
2026-02-07,8.47,10:36 PM,7:06 AM,79,5
2026-02-08,8.05,11:12 PM,7:15 AM,76,10
2026-02-09,8.53,10:44 PM,7:24 AM,89,20
2026-02-10,8.62,10:47 PM,7:30 AM,100,20
2026-02-11,9.48,10:40 PM,8:09 AM,89,23
2026-02-12,9.32,10:36 PM,7:59 AM,93,22
2026-02-13,9.40,10:22 PM,7:46 AM,87,16
2026-02-14,8.67,10:26 PM,7:18 AM,90,7
2026-02-15,8.82,10:19 PM,7:13 AM,82,9
2026-02-16,8.77,10:40 PM,7:31 AM,84,17
2026-02-17,9.08,10:21 PM,7:31 AM,91,26
2026-02-18,9.15,10:12 PM,7:30 AM,90,21
2026-02-19,9.92,10:08 PM,8:10 AM,95,24
2026-02-20,9.75,10:23 PM,8:08 AM,90,19
2026-02-21,8.50,10:32 PM,7:28 AM,80,24
2026-02-22,,,,88,18
2026-02-23,9.10,10:20 PM,7:34 AM,99,28
2026-02-24,8.93,10:25 PM,7:29 AM,95,23
2026-02-25,10.15,10:14 PM,8:26 AM,87,14
2026-02-26,9.50,10:38 PM,8:09 AM,79,22
2026-02-27,8.52,9:44 PM,6:17 AM,100,17
2026-02-28,8.72,10:16 PM,7:08 AM,74,5
2026-03-01,8.83,10:34 PM,7:24 AM,79,11
2026-03-02,9.92,9:31 PM,7:28 AM,100,12
2026-03-03,8.90,9:38 PM,6:58 AM,90,9
2026-03-04,7.83,11:01 PM,7:01 AM,81,13
2026-03-05,9.15,9:15 PM,6:25 AM,90,12
2026-03-06,8.53,10:18 PM,6:51 AM,86,14
2026-03-07,9.62,10:32 PM,8:10 AM,91,18
2026-03-08,8.72,10:07 PM,6:51 AM,91,12
2026-03-09,8.82,10:43 PM,7:34 AM,79,17
2026-03-10,7.82,10:04 PM,5:54 AM,89,22
2026-03-11,9.95,10:42 PM,8:47 AM,100,31
2026-03-12,8.55,11:58 PM,8:32 AM,96,8
2026-03-13,10.03,10:12 PM,8:15 AM,78,12
2026-03-14,9.13,9:38 PM,7:16 AM,81,16
2026-03-15,8.97,10:11 PM,7:11 AM,87,8
2026-03-16,9.20,10:19 PM,7:32 AM,77,18
2026-03-17,9.30,10:01 PM,7:23 AM,93,22
2026-03-18,9.22,10:26 PM,8:17 AM,96,29
2026-03-19,9.72,10:25 PM,8:11 AM,93,19
2026-03-20,9.85,10:14 PM,8:05 AM,80,23
2026-03-21,8.03,10:23 PM,7:01 AM,71,5
2026-03-22,10.30,10:03 PM,8:30 AM,13,5
2026-03-23,8.98,10:27 PM,7:29 AM,60,5
2026-03-24,8.62,10:44 PM,7:21 AM,40,6
2026-03-25,10.27,10:20 PM,8:40 AM,47,9
2026-03-26,9.82,10:32 PM,8:32 AM,54,15
2026-03-27,9.47,10:33 PM,8:04 AM,51,18
2026-03-28,,,,85,9
2026-03-29,9.28,10:03 PM,7:22 AM,58,5
2026-03-30,8.37,10:31 PM,7:17 AM,63,8
2026-03-31,8.82,10:35 PM,7:25 AM,73,16
2026-04-01,9.02,10:08 PM,7:18 AM,73,19
2026-04-02,10.57,10:03 PM,8:38 AM,87,23
2026-04-03,9.40,10:21 PM,8:02 AM,87,16
2026-04-04,9.30,10:29 PM,7:48 AM,81,8
2026-04-05,9.17,9:43 PM,6:54 AM,75,17
2026-04-09,,,,51,12
2026-04-10,10.55,9:41 PM,8:19 AM,85,16
2026-04-11,8.65,10:21 PM,7:06 AM,67,19
2026-04-12,,,,79,54
2026-04-13,,,,88,14
2026-04-14,9.27,10:12 PM,7:29 AM,75,20
2026-04-15,9.32,10:42 PM,8:01 AM,93,14
2026-04-16,9.47,10:51 PM,8:20 AM,81,20
2026-04-17,9.68,10:15 PM,8:20 AM,76,19
2026-04-18,9.92,9:38 PM,7:33 AM,93,5
2026-04-19,9.12,10:32 PM,7:40 AM,58,10
2026-04-20,9.33,10:11 PM,7:39 AM,76,21
2026-04-21,8.73,10:14 PM,7:34 AM,91,18
2026-04-22,10.37,10:01 PM,8:24 AM,89,25
2026-04-23,9.47,9:34 PM,7:10 AM,90,19
2026-04-24,9.33,10:28 PM,8:01 AM,84,18
2026-04-25,8.37,11:05 PM,7:28 AM,84,12
2026-04-26,8.85,10:07 PM,7:05 AM,90,7
2026-04-27,9.38,10:09 PM,7:32 AM,78,16
2026-04-28,8.90,10:36 PM,7:31 AM,100,23
2026-04-29,9.52,10:41 PM,8:12 AM,87,22
2026-04-30,9.37,10:13 PM,7:35 AM,84,17
2026-05-01,9.27,10:45 PM,8:06 AM,81,12
2026-05-02,8.80,10:28 PM,7:20 AM,76,9
2026-05-03,8.72,10:42 PM,7:26 AM,82,6
2026-05-04,8.68,10:42 PM,7:30 AM,77,10
2026-05-05,8.97,10:32 PM,7:32 AM,94,23
2026-05-06,9.87,10:26 PM,8:19 AM,100,29
2026-05-07,10.00,10:15 PM,8:16 AM,100,29
2026-05-08,8.83,10:25 PM,7:30 AM,92,18
2026-05-09,8.87,10:21 PM,7:13 AM,84,7
2026-05-10,9.70,10:21 PM,8:15 AM,86,13
2026-05-11,8.80,10:14 PM,7:03 AM,85,18
2026-05-12,8.85,10:12 PM,7:03 AM,93,12
2026-05-13,9.48,10:23 PM,8:12 AM,75,20
2026-05-14,9.87,10:20 PM,8:14 AM,92,26
2026-05-15,9.52,10:29 PM,8:09 AM,90,12
2026-05-16,8.70,10:22 PM,7:08 AM,72,5
2026-05-17,8.67,10:36 PM,7:23 AM,74,5
2026-05-18,8.15,10:31 PM,7:28 AM,76,12
2026-05-19,7.07,12:07 AM,7:22 AM,90,19
2026-05-20,10.05,10:27 PM,8:30 AM,94,13
2026-05-21,10.02,10:14 PM,8:29 AM,82,17
2026-05-22,9.22,10:11 PM,7:36 AM,81,17
2026-05-23,8.20,11:12 PM,7:29 AM,74,8
2026-05-24,8.55,11:02 PM,7:38 AM,60,10
2026-05-25,8.05,10:29 PM,6:32 AM,71,6
2026-05-26,8.73,10:35 PM,7:25 AM,78,11
2026-05-27,8.75,10:45 PM,7:30 AM,93,15
2026-05-28,9.97,10:15 PM,8:14 AM,90,24
2026-05-29,9.35,10:40 PM,8:03 AM,87,16
2026-05-30,8.22,10:25 PM,6:38 AM,84,10
2026-05-31,8.33,10:27 PM,6:47 AM,81,6
2026-06-01,9.07,10:23 PM,7:32 AM,87,12
2026-06-02,8.10,11:08 PM,7:15 AM,81,14
2026-06-03,10.43,10:28 PM,8:55 AM,84,14
2026-06-04,9.97,10:21 PM,8:19 AM,84,18
2026-06-05,9.85,10:12 PM,8:06 AM,84,19
2026-06-06,6.30,10:33 PM,4:53 AM,76,7
2026-06-07,9.05,10:36 PM,7:57 AM,75,11
2026-06-08,8.73,10:45 PM,7:31 AM,86,17
2026-06-09,9.02,10:30 PM,7:31 AM,87,14
2026-06-10,8.88,10:45 PM,7:42 AM,86,17
2026-06-11,9.83,10:22 PM,8:14 AM,84,20
2026-06-12,9.50,10:32 PM,8:04 AM,85,10
2026-06-13,9.22,10:22 PM,7:40 AM,67,15
2026-06-15,,,,66,21
2026-06-16,8.98,10:32 PM,7:33 AM,88,18
2026-06-17,9.70,10:33 PM,8:18 AM,90,23
2026-06-18,9.52,10:29 PM,8:17 AM,87,18
2026-06-19,8.58,10:28 PM,7:18 AM,87,5
2026-06-20,9.67,10:32 PM,8:14 AM,79,10
2026-06-21,8.93,10:22 PM,7:19 AM,86,19
2026-06-22,8.55,11:00 PM,7:33 AM,86,20
2026-06-24,,,,39,26
2026-06-25,9.48,10:20 PM,7:51 AM,93,13
2026-06-26,9.15,10:30 PM,8:04 AM,79,18
2026-06-27,7.42,11:48 PM,7:16 AM,72,8
2026-06-28,9.17,10:12 PM,7:25 AM,76,5
2026-06-29,9.10,10:24 PM,7:32 AM,69,9
2026-06-30,8.95,10:27 PM,7:27 AM,89,22
2026-07-01,9.88,10:27 PM,8:24 AM,89,27
2026-07-02,9.90,10:30 PM,8:24 AM,89,17
2026-07-03,8.28,10:24 PM,7:36 AM,80,14
2026-07-04,8.87,10:31 PM,7:24 AM,79,17
2026-07-09,,,,12,5
2026-07-10,9.25,10:48 PM,8:08 AM,81,6
2026-07-11,9.05,10:27 PM,7:33 AM,93,17
2026-07-12,8.88,10:24 PM,7:17 AM,83,7
2026-07-13,8.27,10:13 PM,6:31 AM,77,14
2026-07-14,9.07,10:43 PM,7:47 AM,100,20
2026-07-15,9.98,9:38 PM,7:39 AM,90,26
2026-07-16,10.55,8:58 PM,7:48 AM,100,19
2026-07-17,10.37,10:25 PM,8:47 AM,94,13
2026-07-18,5.72,10:39 PM,4:22 AM,80,10
2026-07-19,9.08,10:27 PM,7:34 AM,81,6
2026-07-20,8.35,10:44 PM,7:07 AM,84,9
2026-07-21,9.40,10:47 PM,8:12 AM,96,19
2026-07-22,8.88,10:48 PM,7:41 AM,91,19
2026-07-23,8.87,11:05 PM,7:59 AM,96,23
2026-07-24,8.20,10:41 PM,6:54 AM,90,12
2026-07-25,8.53,10:51 PM,7:34 AM,81,5
2026-07-26,8.40,11:10 PM,7:34 AM,78,5
2026-07-27,9.32,10:15 PM,7:34 AM,84,11
2026-07-28,9.02,10:16 PM,7:29 AM,94,34
2026-07-29,,,,30,5
2026-07-30,9.75,10:31 PM,8:16 AM,90,12
2026-07-31,9.75,10:19 PM,8:04 AM,89,16
2026-08-01,9.47,10:00 PM,7:28 AM,91,11
2026-08-02,8.98,10:33 PM,7:35 AM,78,15
2026-08-03,8.52,11:01 PM,7:32 AM,81,18
2026-08-04,6.28,1:17 AM,7:37 AM,88,27
2026-08-05,8.78,10:18 PM,7:05 AM,100,19
2026-08-06,8.95,10:21 PM,7:34 AM,93,26
2026-08-07,9.42,10:27 PM,7:57 AM,82,18
2026-08-08,8.57,10:57 PM,7:34 AM,78,12
2026-08-09,9.02,10:17 PM,7:19 AM,89,10
2026-08-10,8.87,10:43 PM,7:39 AM,83,14
2026-08-11,8.48,11:01 PM,7:32 AM,84,9
2026-08-12,8.50,10:47 PM,7:19 AM,92,12
2026-08-13,8.23,11:18 PM,7:32 AM,90,14
2026-08-14,9.92,10:38 PM,8:35 AM,100,16
2026-08-15,8.52,10:22 PM,6:57 AM,87,16
2026-08-16,9.25,10:23 PM,7:39 AM,86,8
2026-08-17,8.02,10:50 PM,6:52 AM,61,11
2026-08-18,9.65,10:29 PM,8:09 AM,80,14
2026-08-19,9.25,11:20 PM,8:37 AM,81,18
2026-08-20,9.80,10:32 PM,8:21 AM,76,16
2026-08-21,8.62,10:21 PM,6:59 AM,56,12
2026-08-22,9.52,9:59 PM,7:31 AM,65,10
2026-08-23,8.90,10:12 PM,7:34 AM,93,21
2026-08-24,8.65,10:46 PM,7:26 AM,82,20
2026-08-25,9.07,10:02 PM,7:07 AM,76,19
2026-08-26,8.33,10:32 PM,7:21 AM,72,12
2026-08-27,9.37,10:51 PM,8:16 AM,75,16
2026-08-28,9.33,10:39 PM,8:00 AM,75,14
2026-08-29,7.78,10:24 PM,6:36 AM,66,10
2026-08-30,8.83,11:00 PM,7:51 AM,84,8
2026-08-31,5.68,1:50 AM,7:33 AM,52,5
2026-09-01,9.05,10:31 PM,7:35 AM,93,21
2026-09-02,9.62,10:27 PM,8:08 AM,89,20
2026-09-03,9.10,10:27 PM,7:34 AM,75,15
2026-09-04,9.27,10:35 PM,8:02 AM,69,17
2026-09-05,8.68,10:37 PM,7:29 AM,74,5
2026-09-06,8.78,10:47 PM,7:34 AM,64,6
2026-09-07,8.52,10:51 PM,7:40 AM,75,12
2026-09-08,8.73,10:46 PM,7:32 AM,88,18
2026-09-09,9.87,10:19 PM,8:16 AM,94,19
2026-09-10,9.70,10:34 PM,8:17 AM,83,22
2026-09-11,9.12,10:55 PM,8:03 AM,83,20
2026-09-12,8.27,10:24 PM,6:42 AM,76,5
2026-09-13,9.08,9:59 PM,7:07 AM,43,6
2026-09-14,8.83,10:17 PM,7:08 AM,84,14
2026-09-15,8.70,10:51 PM,7:33 AM,86,21
2026-09-16,7.68,11:29 PM,7:11 AM,92,18
2026-09-17,9.77,10:28 PM,8:21 AM,90,16
2026-09-18,9.47,10:31 PM,7:59 AM,77,7
2026-09-19,8.92,10:27 PM,7:31 AM,63,8
2026-09-20,8.75,10:39 PM,7:26 AM,84,13
2026-10-05,,,,30,5
2026-10-06,9.15,10:27 PM,7:36 AM,83,11
2026-10-07,10.15,10:21 PM,8:30 AM,87,14
2026-10-08,9.52,10:43 PM,8:29 AM,63,14
2026-10-09,10.00,10:13 PM,8:13 AM,87,17
2026-10-10,9.45,10:06 PM,7:34 AM,78,24
