time_utc,station,altim_inhg,slp_mb,temp_c
2026-09-01T00:53Z,KIAG,30.01,1016.1,22.2
2026-09-01T01:53Z,KIAG,30.01,1016.0,21.7
2026-09-01T02:53Z,KIAG,30.00,1015.5,21.1
2026-09-01T03:53Z,KIAG,29.99,1015.1,21.1
2026-09-01T04:53Z,KIAG,29.96,1014.2,21.7
2026-09-01T05:53Z,KIAG,29.96,1013.9,21.7
2026-09-01T06:53Z,KIAG,29.92,1012.8,22.2
2026-09-01T07:53Z,KIAG,29.91,1012.5,22.2
2026-09-01T08:53Z,KIAG,29.91,1012.3,22.2
2026-09-01T09:53Z,KIAG,29.91,1012.5,22.2
2026-09-01T10:53Z,KIAG,29.93,1013.0,22.2
2026-09-01T11:53Z,KIAG,29.93,1013.2,22.8
2026-09-01T12:53Z,KIAG,29.95,1013.7,24.4
2026-09-01T13:53Z,KIAG,29.94,1013.3,25.0
2026-09-01T14:53Z,KIAG,29.94,1013.2,26.1
2026-09-01T15:53Z,KIAG,29.94,1013.3,26.7
2026-09-01T16:53Z,KIAG,29.94,1013.3,27.2
2026-09-01T17:53Z,KIAG,29.95,1013.7,27.2
2026-09-01T18:53Z,KIAG,29.96,1013.9,27.8
2026-09-01T19:53Z,KIAG,29.95,1013.7,27.2
2026-09-01T20:53Z,KIAG,29.94,1013.4,27.2
2026-09-01T21:53Z,KIAG,29.95,1013.5,27.8
2026-09-01T22:53Z,KIAG,29.95,1013.7,26.7
2026-09-01T23:53Z,KIAG,29.94,1013.3,25.0
2026-09-02T00:53Z,KIAG,29.95,1013.8,23.9
2026-09-02T01:53Z,KIAG,29.97,1014.4,23.3
2026-09-02T02:53Z,KIAG,29.96,1014.1,22.8
2026-09-02T03:53Z,KIAG,29.97,1014.3,22.2
2026-09-02T04:53Z,KIAG,29.98,1014.4,22.2
2026-09-02T05:53Z,KIAG,29.97,1014.3,22.2
2026-09-02T06:53Z,KIAG,29.97,1014.3,22.2
2026-09-02T07:53Z,KIAG,29.97,1014.3,22.2
2026-09-02T08:53Z,KIAG,29.94,1013.3,22.8
2026-09-02T09:53Z,KIAG,29.92,1012.7,22.8
2026-09-02T10:53Z,KIAG,29.93,1012.8,22.8
2026-09-02T11:53Z,KIAG,29.98,1014.7,23.3
2026-09-02T12:53Z,KIAG,30.00,1015.4,20.6
2026-09-02T13:53Z,KIAG,29.99,1015.1,22.8
2026-09-02T14:53Z,KIAG,29.98,1014.8,25.0
2026-09-02T15:53Z,KIAG,29.96,1014.1,25.0
2026-09-02T16:53Z,KIAG,29.97,1014.5,23.9
2026-09-02T17:53Z,KIAG,29.94,1013.4,26.7
2026-09-02T18:53Z,KIAG,29.94,1013.2,27.8
2026-09-02T19:53Z,KIAG,29.93,1012.9,26.7
2026-09-02T20:53Z,KIAG,29.89,1011.4,27.2
2026-09-02T21:53Z,KIAG,29.86,1010.5,27.2
2026-09-02T22:53Z,KIAG,29.96,1014.1,23.3
2026-09-02T23:53Z,KIAG,29.91,1012.4,21.1
2026-09-03T00:53Z,KIAG,29.92,1012.7,21.1
2026-09-03T01:53Z,KIAG,29.93,1012.9,21.1
2026-09-03T02:53Z,KIAG,29.92,1012.7,21.7
2026-09-03T03:53Z,KIAG,29.89,1011.5,21.7
2026-09-03T04:53Z,KIAG,29.91,1012.5,21.7
2026-09-03T05:53Z,KIAG,29.90,1012.1,21.1
2026-09-03T06:53Z,KIAG,29.91,1012.3,21.1
2026-09-03T07:53Z,KIAG,29.91,1012.1,20.6
2026-09-03T08:53Z,KIAG,29.91,1012.2,20.0
2026-09-03T09:53Z,KIAG,29.92,1012.7,20.0
2026-09-03T10:53Z,KIAG,29.94,1013.5,20.0
2026-09-03T11:53Z,KIAG,29.96,1014.3,21.1
2026-09-03T12:53Z,KIAG,29.96,1014.1,22.2
2026-09-03T13:53Z,KIAG,29.95,1013.8,24.4
2026-09-03T14:53Z,KIAG,29.95,1013.8,25.0
2026-09-03T15:53Z,KIAG,29.94,1013.3,25.6
2026-09-03T16:53Z,KIAG,29.93,1013.0,26.7
2026-09-03T17:53Z,KIAG,29.92,1012.7,27.2
2026-09-03T18:53Z,KIAG,29.91,1012.4,26.1
2026-09-03T19:53Z,KIAG,29.91,1012.4,27.2
2026-09-03T20:53Z,KIAG,29.90,1011.9,26.1
2026-09-03T21:53Z,KIAG,29.89,1011.7,25.6
2026-09-03T22:53Z,KIAG,29.90,1012.1,25.0
2026-09-03T23:53Z,KIAG,29.91,1012.3,23.9
2026-09-04T00:53Z,KIAG,29.91,1012.4,21.7
2026-09-04T01:53Z,KIAG,29.94,1013.6,20.6
2026-09-04T02:53Z,KIAG,29.94,1013.3,19.4
2026-09-04T03:53Z,KIAG,29.96,1013.9,19.4
2026-09-04T04:53Z,KIAG,29.96,1014.1,20.0
2026-09-04T05:53Z,KIAG,29.94,1013.5,19.4
2026-09-04T06:53Z,KIAG,29.95,1013.6,18.9
2026-09-04T07:53Z,KIAG,29.95,1013.8,18.9
2026-09-04T08:53Z,KIAG,29.96,1014.0,19.4
2026-09-04T09:53Z,KIAG,29.97,1014.3,18.3
2026-09-04T10:53Z,KIAG,29.97,1014.5,17.8
2026-09-04T11:53Z,KIAG,29.99,1015.0,18.3
2026-09-04T12:53Z,KIAG,29.99,1015.3,20.6
2026-09-04T13:53Z,KIAG,29.98,1014.9,21.7
2026-09-04T14:53Z,KIAG,29.99,1015.3,22.8
2026-09-04T15:53Z,KIAG,30.00,1015.5,23.3
2026-09-04T16:53Z,KIAG,29.98,1014.9,24.4
2026-09-04T17:53Z,KIAG,29.97,1014.4,24.4
2026-09-04T18:53Z,KIAG,29.96,1014.4,23.3
2026-09-04T19:53Z,KIAG,29.94,1013.5,23.3
2026-09-04T20:53Z,KIAG,29.92,1012.9,23.3
2026-09-04T21:53Z,KIAG,29.91,1012.5,23.3
2026-09-04T22:53Z,KIAG,29.93,1013.4,22.8
2026-09-04T23:53Z,KIAG,29.94,1013.6,22.2
2026-09-05T00:53Z,KIAG,29.96,1014.0,21.7
2026-09-05T01:53Z,KIAG,29.95,1013.9,20.0
2026-09-05T02:53Z,KIAG,29.95,1013.9,19.4
2026-09-05T03:53Z,KIAG,29.95,1014.0,18.9
2026-09-05T04:53Z,KIAG,29.96,1014.0,18.3
2026-09-05T05:53Z,KIAG,29.95,1013.9,17.8
2026-09-05T06:53Z,KIAG,29.94,1013.7,17.8
2026-09-05T07:53Z,KIAG,29.93,1013.3,16.7
2026-09-05T08:53Z,KIAG,29.93,1013.4,16.1
2026-09-05T09:53Z,KIAG,29.95,1014.0,16.1
2026-09-05T10:53Z,KIAG,29.95,1014.0,16.7
2026-09-05T11:53Z,KIAG,29.97,1014.8,17.8
2026-09-05T12:53Z,KIAG,29.97,1014.7,20.0
2026-09-05T13:53Z,KIAG,29.97,1014.7,20.6
2026-09-05T14:53Z,KIAG,29.97,1014.6,22.2
2026-09-05T15:53Z,KIAG,29.97,1014.6,22.2
2026-09-05T16:53Z,KIAG,29.96,1014.3,23.3
2026-09-05T17:53Z,KIAG,29.96,1014.3,22.2
2026-09-05T18:53Z,KIAG,29.97,1014.6,22.8
2026-09-05T19:53Z,KIAG,29.96,1014.3,23.9
2026-09-05T20:53Z,KIAG,29.96,1014.1,23.9
2026-09-05T21:53Z,KIAG,29.96,1014.4,23.3
2026-09-05T22:53Z,KIAG,29.97,1014.6,22.2
2026-09-05T23:53Z,KIAG,29.96,1014.4,20.0
2026-09-06T00:53Z,KIAG,29.97,1014.7,20.0
2026-09-06T01:53Z,KIAG,29.98,1014.9,19.4
2026-09-06T02:53Z,KIAG,29.98,1015.0,18.3
2026-09-06T03:53Z,KIAG,29.99,1015.4,18.3
2026-09-06T04:53Z,KIAG,30.00,1015.4,18.9
2026-09-06T05:53Z,KIAG,30.00,1015.6,18.9
2026-09-06T06:53Z,KIAG,30.00,1015.7,17.8
2026-09-06T07:53Z,KIAG,30.00,1015.6,17.2
2026-09-06T08:53Z,KIAG,30.01,1016.1,16.1
2026-09-06T09:53Z,KIAG,30.03,1016.7,15.6
2026-09-06T10:53Z,KIAG,30.04,1017.1,15.6
2026-09-06T11:53Z,KIAG,30.06,1017.8,17.8
2026-09-06T12:53Z,KIAG,30.08,1018.3,19.4
2026-09-06T13:53Z,KIAG,30.08,1018.4,21.7
2026-09-06T14:53Z,KIAG,30.09,1018.7,22.8
2026-09-06T15:53Z,KIAG,30.10,1019.1,20.6
2026-09-06T16:53Z,KIAG,30.09,1018.9,22.2
2026-09-06T17:53Z,KIAG,30.09,1018.7,22.8
2026-09-06T18:53Z,KIAG,30.09,1018.8,22.8
2026-09-06T19:53Z,KIAG,30.09,1018.6,22.8
2026-09-06T20:53Z,KIAG,30.09,1018.7,22.8
2026-09-06T21:53Z,KIAG,30.08,1018.5,22.2
2026-09-06T22:53Z,KIAG,30.09,1018.8,20.6
2026-09-06T23:53Z,KIAG,30.09,1019.0,18.3
2026-09-07T00:53Z,KIAG,30.11,1019.4,16.7
2026-09-07T01:53Z,KIAG,30.12,1019.9,15.6
2026-09-07T02:53Z,KIAG,30.13,1020.4,13.9
2026-09-07T03:53Z,KIAG,30.14,1020.6,13.9
2026-09-07T04:53Z,KIAG,30.14,1020.7,13.3
2026-09-07T05:53Z,KIAG,30.16,1021.2,13.3
2026-09-07T06:53Z,KIAG,30.15,1021.0,12.2
2026-09-07T07:53Z,KIAG,30.18,1022.0,11.7
2026-09-07T08:53Z,KIAG,30.19,1022.2,11.7
2026-09-07T09:53Z,KIAG,30.19,1022.5,11.1
2026-09-07T10:53Z,KIAG,30.21,1023.0,11.1
2026-09-07T11:53Z,KIAG,30.23,1023.7,13.3
2026-09-07T12:53Z,KIAG,30.23,1023.8,17.2
2026-09-07T13:53Z,KIAG,30.23,1023.7,19.4
2026-09-07T14:53Z,KIAG,30.23,1023.6,21.1
2026-09-07T15:53Z,KIAG,30.22,1023.4,21.7
2026-09-07T16:53Z,KIAG,30.21,1023.0,22.8
2026-09-07T17:53Z,KIAG,30.21,1022.8,23.9
2026-09-07T18:53Z,KIAG,30.21,1023.0,24.4
2026-09-07T19:53Z,KIAG,30.20,1022.6,25.0
2026-09-07T20:53Z,KIAG,30.20,1022.6,23.9
2026-09-07T21:53Z,KIAG,30.18,1022.1,23.9
2026-09-07T22:53Z,KIAG,30.18,1022.1,22.8
2026-09-07T23:53Z,KIAG,30.18,1022.2,20.0
2026-09-08T00:53Z,KIAG,30.21,1023.1,17.8
2026-09-08T01:53Z,KIAG,30.23,1023.8,16.7
2026-09-08T02:53Z,KIAG,30.22,1023.3,16.1
2026-09-08T03:53Z,KIAG,30.22,1023.5,15.0
2026-09-08T04:53Z,KIAG,30.22,1023.4,15.6
2026-09-08T05:53Z,KIAG,30.22,1023.2,15.0
2026-09-08T06:53Z,KIAG,30.22,1023.4,14.4
2026-09-08T07:53Z,KIAG,30.22,1023.2,13.9
2026-09-08T08:53Z,KIAG,30.23,1023.6,13.3
2026-09-08T09:53Z,KIAG,30.24,1023.9,13.3
2026-09-08T10:53Z,KIAG,30.25,1024.3,12.8
2026-09-08T11:53Z,KIAG,30.25,1024.5,14.4
2026-09-08T12:53Z,KIAG,30.25,1024.3,17.8
2026-09-08T13:53Z,KIAG,30.27,1024.8,21.1
2026-09-08T14:53Z,KIAG,30.27,1024.8,22.8
2026-09-08T15:53Z,KIAG,30.25,1024.1,24.4
2026-09-08T16:53Z,KIAG,30.23,1023.4,25.0
2026-09-08T17:53Z,KIAG,30.22,1023.1,25.6
2026-09-08T18:53Z,KIAG,30.21,1022.9,25.6
2026-09-08T19:53Z,KIAG,30.21,1022.7,26.1
2026-09-08T20:53Z,KIAG,30.19,1022.3,25.0
2026-09-08T21:53Z,KIAG,30.19,1022.5,23.3
2026-09-08T22:53Z,KIAG,30.19,1022.3,22.2
2026-09-08T23:53Z,KIAG,30.18,1021.8,20.0
2026-09-09T00:53Z,KIAG,30.17,1021.5,19.4
2026-09-09T01:53Z,KIAG,30.17,1021.4,18.9
2026-09-09T02:53Z,KIAG,30.15,1020.8,17.2
2026-09-09T03:53Z,KIAG,30.14,1020.3,17.8
2026-09-09T04:53Z,KIAG,30.14,1020.2,18.9
2026-09-09T05:53Z,KIAG,30.12,1019.6,18.9
2026-09-09T06:53Z,KIAG,30.11,1019.1,19.4
2026-09-09T07:53Z,KIAG,30.08,1018.3,20.6
2026-09-09T08:53Z,KIAG,30.07,1017.8,21.1
2026-09-09T09:53Z,KIAG,30.06,1017.5,21.1
2026-09-09T10:53Z,KIAG,30.05,1017.0,21.7
2026-09-09T11:53Z,KIAG,30.04,1017.1,22.2
2026-09-09T12:53Z,KIAG,30.03,1016.6,22.8
2026-09-09T13:53Z,KIAG,30.02,1016.3,22.2
2026-09-09T14:53Z,KIAG,30.01,1016.1,22.8
2026-09-09T15:53Z,KIAG,30.01,1015.9,22.2
2026-09-09T16:53Z,KIAG,29.98,1014.8,22.8
2026-09-09T17:53Z,KIAG,29.95,1013.8,23.9
2026-09-09T18:53Z,KIAG,29.92,1012.8,24.4
2026-09-09T19:53Z,KIAG,29.90,1012.1,25.0
2026-09-09T20:53Z,KIAG,29.89,1011.8,22.8
2026-09-09T21:53Z,KIAG,29.87,1011.1,21.7
2026-09-09T22:53Z,KIAG,29.85,1010.2,22.2
2026-09-09T23:53Z,KIAG,29.85,1010.5,22.2
2026-09-10T00:53Z,KIAG,29.85,1010.4,22.2
2026-09-10T01:53Z,KIAG,29.86,1010.6,22.2
2026-09-10T02:53Z,KIAG,29.86,1010.7,21.7
2026-09-10T03:53Z,KIAG,29.87,1011.2,21.1
2026-09-10T04:53Z,KIAG,29.87,1011.3,20.6
2026-09-10T05:53Z,KIAG,29.87,1011.1,20.6
2026-09-10T06:53Z,KIAG,29.87,1011.1,20.0
2026-09-10T07:53Z,KIAG,29.88,1011.4,19.4
2026-09-10T08:53Z,KIAG,29.89,1011.8,19.4
2026-09-10T09:53Z,KIAG,29.90,1012.2,20.0
2026-09-10T10:53Z,KIAG,29.90,1012.3,18.9
2026-09-10T11:53Z,KIAG,29.92,1012.8,18.9
2026-09-10T12:53Z,KIAG,29.93,1013.1,20.0
2026-09-10T13:53Z,KIAG,29.95,1013.8,20.6
2026-09-10T14:53Z,KIAG,29.95,1013.9,22.2
2026-09-10T15:53Z,KIAG,29.96,1014.2,22.8
2026-09-10T16:53Z,KIAG,29.95,1013.6,23.9
2026-09-10T17:53Z,KIAG,29.93,1013.2,24.4
2026-09-10T18:53Z,KIAG,29.92,1012.9,24.4
2026-09-10T19:53Z,KIAG,29.91,1012.3,25.0
2026-09-10T20:53Z,KIAG,29.90,1012.3,23.9
2026-09-10T21:53Z,KIAG,29.92,1012.7,23.3
2026-09-10T22:53Z,KIAG,29.94,1013.5,22.2
2026-09-10T23:53Z,KIAG,29.94,1013.5,20.6
2026-09-11T00:53Z,KIAG,29.96,1014.4,19.4
2026-09-11T01:53Z,KIAG,29.98,1014.9,18.3
2026-09-11T02:53Z,KIAG,29.97,1014.7,17.8
2026-09-11T03:53Z,KIAG,29.98,1015.1,17.2
2026-09-11T04:53Z,KIAG,29.99,1015.5,15.0
2026-09-11T05:53Z,KIAG,30.00,1015.8,13.9
2026-09-11T06:53Z,KIAG,30.00,1015.6,12.8
2026-09-11T07:53Z,KIAG,30.01,1016.0,12.8
2026-09-11T08:53Z,KIAG,30.02,1016.5,11.1
2026-09-11T09:53Z,KIAG,30.02,1016.5,11.1
2026-09-11T10:53Z,KIAG,30.03,1017.1,10.6
2026-09-11T11:53Z,KIAG,30.05,1017.6,13.3
2026-09-11T12:53Z,KIAG,30.06,1017.8,17.2
2026-09-11T13:53Z,KIAG,30.06,1017.9,18.9
2026-09-11T14:53Z,KIAG,30.08,1018.4,19.4
2026-09-11T15:53Z,KIAG,30.09,1018.8,20.0
2026-09-11T16:53Z,KIAG,30.08,1018.6,20.6
2026-09-11T17:53Z,KIAG,30.07,1018.4,20.6
2026-09-11T18:53Z,KIAG,30.06,1018.0,21.7
2026-09-11T19:53Z,KIAG,30.05,1017.5,21.7
2026-09-11T20:53Z,KIAG,30.03,1017.0,21.7
2026-09-11T21:53Z,KIAG,30.03,1016.9,21.7
2026-09-11T22:53Z,KIAG,30.02,1016.8,20.0
2026-09-11T23:53Z,KIAG,30.02,1016.6,17.2
2026-09-12T00:53Z,KIAG,30.03,1017.1,16.1
2026-09-12T01:53Z,KIAG,30.04,1017.4,14.4
2026-09-12T02:53Z,KIAG,30.04,1017.2,13.3
2026-09-12T03:53Z,KIAG,30.04,1017.3,11.7
2026-09-12T04:53Z,KIAG,30.04,1017.2,11.7
2026-09-12T05:53Z,KIAG,30.02,1016.8,11.1
2026-09-12T06:53Z,KIAG,30.01,1016.2,11.1
2026-09-12T07:53Z,KIAG,29.99,1015.8,10.6
2026-09-12T08:53Z,KIAG,29.99,1015.7,10.6
2026-09-12T09:53Z,KIAG,29.99,1015.8,10.6
2026-09-12T10:53Z,KIAG,29.99,1015.7,10.0
2026-09-12T11:53Z,KIAG,30.00,1015.9,12.8
2026-09-12T12:53Z,KIAG,29.99,1015.8,16.1
2026-09-12T13:53Z,KIAG,29.99,1015.4,20.6
2026-09-12T14:53Z,KIAG,29.98,1015.2,23.3
2026-09-12T15:53Z,KIAG,29.97,1014.8,25.0
2026-09-12T16:53Z,KIAG,29.95,1014.1,26.1
2026-09-12T17:53Z,KIAG,29.93,1013.5,25.6
2026-09-12T18:53Z,KIAG,29.92,1013.0,25.6
2026-09-12T19:53Z,KIAG,29.90,1012.4,25.0
2026-09-12T20:53Z,KIAG,29.89,1012.0,25.0
2026-09-12T21:53Z,KIAG,29.88,1011.9,24.4
2026-09-12T22:53Z,KIAG,29.88,1011.8,23.9
2026-09-12T23:53Z,KIAG,29.88,1011.7,23.3
2026-09-13T00:53Z,KIAG,29.90,1012.1,23.3
2026-09-13T01:53Z,KIAG,29.91,1012.5,22.8
2026-09-13T02:53Z,KIAG,29.91,1012.5,22.8
2026-09-13T03:53Z,KIAG,29.90,1012.1,21.7
2026-09-13T04:53Z,KIAG,29.90,1012.1,21.1
2026-09-13T05:53Z,KIAG,29.89,1011.7,21.1
2026-09-13T06:53Z,KIAG,29.88,1011.3,20.6
2026-09-13T07:53Z,KIAG,29.88,1011.3,21.1
2026-09-13T08:53Z,KIAG,29.88,1011.2,21.7
2026-09-13T09:53Z,KIAG,29.88,1011.2,21.7
2026-09-13T10:53Z,KIAG,29.88,1011.2,21.7
2026-09-13T11:53Z,KIAG,29.90,1011.9,21.7
2026-09-13T12:53Z,KIAG,29.89,1011.9,22.8
2026-09-13T13:53Z,KIAG,29.89,1011.6,24.4
2026-09-13T14:53Z,KIAG,29.89,1011.7,25.6
2026-09-13T15:53Z,KIAG,29.89,1011.5,26.7
2026-09-13T16:53Z,KIAG,29.86,1010.6,27.2
2026-09-13T17:53Z,KIAG,29.85,1010.4,22.8
2026-09-13T18:53Z,KIAG,29.81,1009.1,26.1
2026-09-13T19:53Z,KIAG,29.82,1009.5,22.2
2026-09-13T20:53Z,KIAG,29.84,1009.9,25.6
2026-09-13T21:53Z,KIAG,29.86,1010.7,24.4
2026-09-13T22:53Z,KIAG,29.86,1010.8,22.2
2026-09-13T23:53Z,KIAG,29.89,1011.9,21.7
2026-09-14T00:53Z,KIAG,29.92,1012.9,21.1
2026-09-14T01:53Z,KIAG,29.97,1014.7,18.3
2026-09-14T02:53Z,KIAG,30.00,1015.5,17.2
2026-09-14T03:53Z,KIAG,30.02,1016.3,17.2
2026-09-14T04:53Z,KIAG,30.05,1017.1,16.1
2026-09-14T05:53Z,KIAG,30.06,1017.7,15.6
2026-09-14T06:53Z,KIAG,30.07,1018.2,13.3
2026-09-14T07:53Z,KIAG,30.09,1019.0,14.4
2026-09-14T08:53Z,KIAG,30.11,1019.5,13.9
2026-09-14T09:53Z,KIAG,30.13,1020.2,12.2
2026-09-14T10:53Z,KIAG,30.15,1021.0,12.2
2026-09-14T11:53Z,KIAG,30.18,1021.9,13.9
2026-09-14T12:53Z,KIAG,30.20,1022.7,15.6
2026-09-14T13:53Z,KIAG,30.21,1023.1,16.7
2026-09-14T14:53Z,KIAG,30.22,1023.5,18.3
2026-09-14T15:53Z,KIAG,30.22,1023.3,18.9
2026-09-14T16:53Z,KIAG,30.22,1023.3,17.8
2026-09-14T17:53Z,KIAG,30.22,1023.3,19.4
2026-09-14T18:53Z,KIAG,30.23,1023.9,20.0
2026-09-14T19:53Z,KIAG,30.24,1023.9,20.0
2026-09-14T20:53Z,KIAG,30.23,1023.7,19.4
2026-09-14T21:53Z,KIAG,30.23,1023.6,19.4
2026-09-14T22:53Z,KIAG,30.23,1023.9,17.8
2026-09-14T23:53Z,KIAG,30.24,1024.3,16.1
2026-09-15T00:53Z,KIAG,30.25,1024.4,13.9
2026-09-15T01:53Z,KIAG,30.25,1024.6,13.3
2026-09-15T02:53Z,KIAG,30.26,1025.0,12.8
2026-09-15T03:53Z,KIAG,30.26,1025.1,11.1
2026-09-15T04:53Z,KIAG,30.26,1025.1,11.1
2026-09-15T05:53Z,KIAG,30.26,1025.0,10.6
2026-09-15T06:53Z,KIAG,30.26,1024.9,10.0
2026-09-15T07:53Z,KIAG,30.25,1024.6,9.4
2026-09-15T08:53Z,KIAG,30.25,1024.6,11.1
2026-09-15T09:53Z,KIAG,30.27,1025.1,12.2
2026-09-15T10:53Z,KIAG,30.27,1025.2,12.8
2026-09-15T11:53Z,KIAG,30.26,1025.0,13.3
2026-09-15T12:53Z,KIAG,30.26,1024.9,15.0
2026-09-15T13:53Z,KIAG,30.24,1024.2,17.2
2026-09-15T14:53Z,KIAG,30.26,1024.8,19.4
2026-09-15T15:53Z,KIAG,30.23,1024.0,19.4
2026-09-15T16:53Z,KIAG,30.22,1023.6,21.1
2026-09-15T17:53Z,KIAG,30.18,1022.0,23.3
2026-09-15T18:53Z,KIAG,30.17,1021.9,22.8
2026-09-15T19:53Z,KIAG,30.16,1021.3,23.9
2026-09-15T20:53Z,KIAG,30.15,1020.8,23.9
2026-09-15T21:53Z,KIAG,30.13,1020.2,23.9
2026-09-15T22:53Z,KIAG,30.12,1019.8,22.8
2026-09-15T23:53Z,KIAG,30.14,1020.6,22.8
2026-09-16T00:53Z,KIAG,30.15,1020.9,22.2
2026-09-16T01:53Z,KIAG,30.17,1021.5,21.7
2026-09-16T02:53Z,KIAG,30.17,1021.5,21.7
2026-09-16T03:53Z,KIAG,30.17,1021.4,21.1
2026-09-16T04:53Z,KIAG,30.17,1021.4,21.7
2026-09-16T05:53Z,KIAG,30.17,1021.3,20.0
2026-09-16T06:53Z,KIAG,30.17,1021.4,20.6
2026-09-16T07:53Z,KIAG,30.19,1022.1,19.4
2026-09-16T08:53Z,KIAG,30.20,1022.1,20.6
2026-09-16T09:53Z,KIAG,30.20,1022.2,21.1
2026-09-16T10:53Z,KIAG,30.23,1023.3,21.1
2026-09-16T11:53Z,KIAG,30.25,1024.0,21.1
2026-09-16T12:53Z,KIAG,30.26,1024.4,21.7
2026-09-16T13:53Z,KIAG,30.28,1024.9,21.7
2026-09-16T14:53Z,KIAG,30.29,1025.3,22.8
2026-09-16T15:53Z,KIAG,30.30,1025.5,23.3
2026-09-16T16:53Z,KIAG,30.29,1025.5,23.9
2026-09-16T17:53Z,KIAG,30.30,1025.5,24.4
2026-09-16T18:53Z,KIAG,30.30,1025.5,25.0
2026-09-16T19:53Z,KIAG,30.28,1024.9,24.4
2026-09-16T20:53Z,KIAG,30.28,1024.9,25.0
2026-09-16T21:53Z,KIAG,30.28,1025.0,23.9
2026-09-16T22:53Z,KIAG,30.28,1025.1,22.2
2026-09-16T23:53Z,KIAG,30.28,1025.1,21.7
2026-09-17T00:53Z,KIAG,30.30,1025.8,21.1
2026-09-17T01:53Z,KIAG,30.30,1025.9,20.6
2026-09-17T02:53Z,KIAG,30.30,1025.8,20.0
2026-09-17T03:53Z,KIAG,30.30,1025.9,19.4
2026-09-17T04:53Z,KIAG,30.29,1025.3,18.9
2026-09-17T05:53Z,KIAG,30.26,1024.5,18.3
2026-09-17T06:53Z,KIAG,30.24,1023.8,17.8
2026-09-17T07:53Z,KIAG,30.23,1023.5,18.3
2026-09-17T08:53Z,KIAG,30.22,1023.2,18.3
2026-09-17T09:53Z,KIAG,30.22,1023.2,18.3
2026-09-17T10:53Z,KIAG,30.22,1023.1,18.3
2026-09-17T11:53Z,KIAG,30.23,1023.5,18.3
2026-09-17T12:53Z,KIAG,30.23,1023.4,19.4
2026-09-17T13:53Z,KIAG,30.22,1023.1,20.6
2026-09-17T14:53Z,KIAG,30.21,1022.8,21.7
2026-09-17T15:53Z,KIAG,30.21,1022.6,22.8
2026-09-17T16:53Z,KIAG,30.18,1021.8,24.4
2026-09-17T17:53Z,KIAG,30.18,1021.5,23.3
2026-09-17T18:53Z,KIAG,30.17,1021.3,22.8
2026-09-17T19:53Z,KIAG,30.16,1021.3,20.6
2026-09-17T20:53Z,KIAG,30.14,1020.7,20.0
2026-09-17T21:53Z,KIAG,30.14,1020.5,21.1
2026-09-17T22:53Z,KIAG,30.13,1020.3,20.0
2026-09-17T23:53Z,KIAG,30.13,1020.3,19.4
2026-09-18T00:53Z,KIAG,30.15,1020.9,20.0
2026-09-18T01:53Z,KIAG,30.16,1021.2,20.0
2026-09-18T02:53Z,KIAG,30.17,1021.5,19.4
2026-09-18T03:53Z,KIAG,30.17,1021.5,19.4
2026-09-18T04:53Z,KIAG,30.18,1021.5,18.9
2026-09-18T05:53Z,KIAG,30.17,1021.2,18.3
2026-09-18T06:53Z,KIAG,30.17,1021.3,17.8
2026-09-18T07:53Z,KIAG,30.17,1021.4,16.7
2026-09-18T08:53Z,KIAG,30.18,1021.8,16.7
2026-09-18T09:53Z,KIAG,30.18,1022.1,15.6
2026-09-18T10:53Z,KIAG,30.20,1022.8,15.0
2026-09-18T11:53Z,KIAG,30.22,1023.5,15.6
2026-09-18T12:53Z,KIAG,30.23,1023.7,17.8
2026-09-18T13:53Z,KIAG,30.24,1023.8,18.9
2026-09-18T14:53Z,KIAG,30.24,1024.0,19.4
2026-09-18T15:53Z,KIAG,30.24,1023.8,20.6
2026-09-18T16:53Z,KIAG,30.23,1023.6,20.6
2026-09-18T17:53Z,KIAG,30.23,1023.6,21.1
2026-09-18T18:53Z,KIAG,30.24,1023.8,20.6
2026-09-18T19:53Z,KIAG,30.23,1023.6,19.4
2026-09-18T20:53Z,KIAG,30.22,1023.5,19.4
2026-09-18T21:53Z,KIAG,30.23,1023.6,18.9
2026-09-18T22:53Z,KIAG,30.22,1023.5,17.8
2026-09-18T23:53Z,KIAG,30.21,1023.2,17.2
2026-09-19T00:53Z,KIAG,30.22,1023.2,16.7
2026-09-19T01:53Z,KIAG,30.22,1023.5,15.6
2026-09-19T02:53Z,KIAG,30.23,1023.7,14.4
2026-09-19T03:53Z,KIAG,30.23,1023.6,13.9
2026-09-19T04:53Z,KIAG,30.21,1023.1,13.3
2026-09-19T05:53Z,KIAG,30.20,1022.7,13.9
2026-09-19T06:53Z,KIAG,30.19,1022.2,13.3
2026-09-19T07:53Z,KIAG,30.19,1022.3,12.8
2026-09-19T08:53Z,KIAG,30.19,1022.4,11.7
2026-09-19T09:53Z,KIAG,30.18,1022.2,11.1
2026-09-19T10:53Z,KIAG,30.20,1022.9,12.2
2026-09-19T11:53Z,KIAG,30.21,1023.2,12.2
2026-09-19T12:53Z,KIAG,30.21,1023.0,13.9
2026-09-19T13:53Z,KIAG,30.20,1022.8,15.0
2026-09-19T14:53Z,KIAG,30.19,1022.5,16.7
2026-09-19T15:53Z,KIAG,30.17,1021.8,17.2
2026-09-19T16:53Z,KIAG,30.15,1021.2,17.2
2026-09-19T17:53Z,KIAG,30.15,1021.0,16.7
2026-09-19T18:53Z,KIAG,30.13,1020.3,16.7
2026-09-19T19:53Z,KIAG,30.10,1019.4,16.7
2026-09-19T20:53Z,KIAG,30.08,1018.9,16.7
2026-09-19T21:53Z,KIAG,30.07,1018.5,16.1
2026-09-19T22:53Z,KIAG,30.07,1018.6,15.6
2026-09-19T23:53Z,KIAG,30.06,1018.2,15.0
2026-09-20T00:53Z,KIAG,30.06,1018.2,14.4
2026-09-20T01:53Z,KIAG,30.05,1017.8,14.4
2026-09-20T02:53Z,KIAG,30.04,1017.2,13.9
2026-09-20T03:53Z,KIAG,30.01,1016.3,13.9
2026-09-20T04:53Z,KIAG,29.99,1015.6,13.9
2026-09-20T05:53Z,KIAG,29.97,1015.2,13.9
2026-09-20T06:53Z,KIAG,29.96,1014.6,14.4
2026-09-20T07:53Z,KIAG,29.94,1013.9,14.4
2026-09-20T08:53Z,KIAG,29.93,1013.6,14.4
2026-09-20T09:53Z,KIAG,29.93,1013.8,14.4
2026-09-20T10:53Z,KIAG,29.95,1014.3,14.4
2026-09-20T11:53Z,KIAG,29.95,1014.4,14.4
2026-09-20T12:53Z,KIAG,29.97,1015.2,15.6
2026-09-20T13:53Z,KIAG,29.98,1015.4,16.1
2026-09-20T14:53Z,KIAG,29.98,1015.3,17.2
2026-09-20T15:53Z,KIAG,29.99,1015.5,17.8
2026-09-20T16:53Z,KIAG,29.99,1015.5,18.3
2026-09-20T17:53Z,KIAG,29.99,1015.7,18.9
2026-09-20T18:53Z,KIAG,29.98,1015.3,18.9
2026-09-20T19:53Z,KIAG,29.99,1015.6,19.4
2026-09-20T20:53Z,KIAG,30.00,1016.0,17.8
2026-09-20T21:53Z,KIAG,30.00,1016.0,17.2
2026-09-20T22:53Z,KIAG,30.02,1016.7,16.1
2026-09-20T23:53Z,KIAG,30.04,1017.4,15.0
2026-09-21T00:53Z,KIAG,30.05,1017.9,12.8
2026-09-21T01:53Z,KIAG,30.07,1018.6,12.8
2026-09-21T02:53Z,KIAG,30.08,1018.9,11.7
2026-09-21T03:53Z,KIAG,30.09,1019.1,12.2
2026-09-21T04:53Z,KIAG,30.10,1019.4,11.7
2026-09-21T05:53Z,KIAG,30.11,1019.6,13.9
2026-09-21T06:53Z,KIAG,30.11,1019.9,13.3
2026-09-21T07:53Z,KIAG,30.12,1020.1,12.2
2026-09-21T08:53Z,KIAG,30.14,1021.0,11.7
2026-09-21T09:53Z,KIAG,30.16,1021.5,11.7
2026-09-21T10:53Z,KIAG,30.17,1022.0,11.7
2026-09-21T11:53Z,KIAG,30.20,1022.9,12.2
2026-09-21T12:53Z,KIAG,30.21,1023.5,12.8
2026-09-21T13:53Z,KIAG,30.21,1023.6,13.3
2026-09-21T14:53Z,KIAG,30.22,1023.9,13.3
2026-09-21T15:53Z,KIAG,30.23,1024.1,13.3
2026-09-21T16:53Z,KIAG,30.23,1024.0,13.3
2026-09-21T17:53Z,KDKK,30.17,1021.6,16.1
2026-09-21T17:53Z,KIAG,30.22,1023.5,13.3
2026-09-21T17:54Z,KROC,30.23,1024.0,15.0
2026-09-21T18:23Z,KIAG,30.21,,13.9
2026-09-21T18:53Z,KDKK,30.16,1021.3,17.2
2026-09-21T18:53Z,KIAG,30.22,1023.5,14.4
2026-09-21T18:54Z,KROC,30.23,1023.8,14.4
2026-09-21T19:53Z,KDKK,30.15,1021.0,17.2
2026-09-21T19:53Z,KIAG,30.20,1023.1,14.4
2026-09-21T19:54Z,KROC,30.22,1023.8,15.0
2026-09-21T20:53Z,KDKK,30.14,1020.8,16.7
2026-09-21T20:53Z,KIAG,30.20,1023.2,13.9
2026-09-21T20:54Z,KROC,30.22,1023.8,13.9
2026-09-21T21:53Z,KDKK,30.16,1021.2,15.6
2026-09-21T21:53Z,KIAG,30.21,1023.3,13.3
2026-09-21T21:54Z,KROC,30.23,1023.9,13.3
2026-09-21T22:53Z,KDKK,30.16,1021.6,14.4
2026-09-21T22:53Z,KIAG,30.21,1023.6,12.2
2026-09-21T22:54Z,KROC,30.23,1023.9,12.8
2026-09-21T23:53Z,KDKK,30.17,1021.9,13.3
2026-09-21T23:53Z,KIAG,30.22,1023.7,11.7
2026-09-21T23:54Z,KROC,30.23,1024.0,12.8
2026-09-22T00:53Z,KDKK,30.20,1022.6,12.8
2026-09-22T00:53Z,KIAG,30.22,1023.9,11.7
2026-09-22T00:54Z,KROC,30.24,1024.5,12.8
2026-09-22T01:53Z,KDKK,30.21,1023.1,12.2
2026-09-22T01:53Z,KIAG,30.25,1024.8,11.1
2026-09-22T01:54Z,KROC,30.25,1024.8,13.3
2026-09-22T02:53Z,KDKK,30.22,1023.3,11.7
2026-09-22T02:53Z,KIAG,30.24,1024.4,11.7
2026-09-22T02:54Z,KROC,30.26,1025.2,12.2
2026-09-22T03:53Z,KDKK,30.21,1023.2,11.7
2026-09-22T03:53Z,KIAG,30.24,1024.4,11.7
2026-09-22T03:54Z,KROC,30.26,1025.1,11.7
2026-09-22T04:53Z,KDKK,30.22,1023.5,10.6
2026-09-22T04:53Z,KIAG,30.25,1025.0,10.6
2026-09-22T04:54Z,KROC,30.27,1025.3,11.7
2026-09-22T05:23Z,KIAG,30.26,,10.6
2026-09-22T05:53Z,KDKK,30.24,1024.0,8.9
2026-09-22T05:53Z,KIAG,30.27,1025.4,11.1
2026-09-22T05:54Z,KROC,30.28,1025.6,10.6
2026-09-22T06:31Z,KIAG,30.26,,10.0
2026-09-22T06:53Z,KDKK,30.23,1023.9,8.9
2026-09-22T06:53Z,KIAG,30.26,1025.3,10.0
2026-09-22T06:54Z,KROC,30.29,1025.9,10.6
2026-09-22T07:53Z,KDKK,30.24,1024.0,8.9
2026-09-22T07:53Z,KIAG,30.27,1025.5,9.4
2026-09-22T07:54Z,KROC,30.29,1026.0,11.1
2026-09-22T08:53Z,KDKK,30.24,1024.2,8.9
2026-09-22T08:53Z,KIAG,30.27,1025.5,10.0
2026-09-22T08:54Z,KROC,30.29,1026.1,9.4
2026-09-22T09:53Z,KDKK,30.25,1024.6,7.8
2026-09-22T09:53Z,KIAG,30.27,1025.6,10.0
2026-09-22T09:54Z,KROC,30.30,1026.5,9.4
2026-09-22T10:53Z,KDKK,30.26,1024.9,7.8
2026-09-22T10:53Z,KIAG,30.29,1026.3,10.6
2026-09-22T10:54Z,KROC,30.31,1027.0,9.4
2026-09-22T11:13Z,KIAG,30.29,,10.0
2026-09-22T11:53Z,KDKK,30.28,1025.6,8.9
2026-09-22T11:53Z,KIAG,30.30,1026.7,10.6
2026-09-22T11:54Z,KROC,30.33,1027.7,10.6
2026-09-22T12:00Z,KIAG,30.31,,11.1
2026-09-22T12:53Z,KDKK,30.30,1026.1,11.1
2026-09-22T12:53Z,KIAG,30.32,1027.3,12.8
2026-09-22T12:54Z,KROC,30.35,1028.2,12.2
2026-09-22T13:53Z,KDKK,30.29,1025.9,12.8
2026-09-22T13:53Z,KIAG,30.33,1027.5,13.9
2026-09-22T13:54Z,KROC,30.36,1028.6,13.3
2026-09-22T14:53Z,KDKK,30.30,1026.3,14.4
2026-09-22T14:53Z,KIAG,30.34,1027.9,15.0
2026-09-22T14:54Z,KROC,30.37,1028.9,14.4
2026-09-22T15:53Z,KDKK,30.32,1026.8,16.7
2026-09-22T15:53Z,KIAG,30.35,1028.2,16.1
2026-09-22T15:54Z,KROC,30.38,1029.1,15.6
2026-09-22T16:12Z,KIAG,30.35,,15.6
2026-09-22T16:34Z,KIAG,30.36,,16.1
2026-09-22T16:53Z,KDKK,30.31,1026.3,18.9
2026-09-22T16:53Z,KIAG,30.36,1028.5,15.6
2026-09-22T16:54Z,KROC,30.38,1029.3,15.6
2026-09-22T17:07Z,KIAG,30.36,,16.1
2026-09-22T17:18Z,KIAG,30.36,,16.7
2026-09-22T17:53Z,KDKK,30.31,1026.3,19.4
2026-09-22T17:53Z,KIAG,30.36,1028.2,16.1
2026-09-22T17:54Z,KROC,30.38,1029.2,15.6
2026-09-22T18:53Z,KDKK,30.30,1026.3,18.3
2026-09-22T18:53Z,KIAG,30.35,1028.3,16.1
2026-09-22T18:54Z,KROC,30.38,1029.2,16.1
2026-09-22T19:53Z,KDKK,30.31,1026.3,18.3
2026-09-22T19:53Z,KIAG,30.35,1028.3,16.1
2026-09-22T19:54Z,KROC,30.38,1029.1,16.1
2026-09-22T20:53Z,KDKK,30.30,1026.3,18.3
2026-09-22T20:53Z,KIAG,30.35,1028.3,16.1
2026-09-22T20:54Z,KROC,30.38,1029.1,15.6
2026-09-22T21:53Z,KDKK,30.31,1026.6,17.8
2026-09-22T21:53Z,KIAG,30.36,1028.6,15.0
2026-09-22T21:54Z,KROC,30.38,1029.2,15.0
2026-09-22T22:53Z,KDKK,30.33,1027.3,15.6
2026-09-22T22:53Z,KIAG,30.37,1029.1,13.3
2026-09-22T22:54Z,KROC,30.39,1029.6,13.9
2026-09-22T23:53Z,KDKK,30.35,1027.9,13.3
2026-09-22T23:53Z,KIAG,30.38,1029.4,11.1
2026-09-22T23:54Z,KROC,30.40,1029.8,13.3
2026-09-23T00:53Z,KDKK,30.38,1028.8,11.7
2026-09-23T00:53Z,KIAG,30.40,1030.1,10.6
2026-09-23T00:54Z,KROC,30.42,1030.4,13.3
2026-09-23T01:53Z,KDKK,30.39,1029.4,10.0
2026-09-23T01:53Z,KIAG,30.42,1030.5,10.0
2026-09-23T01:54Z,KROC,30.43,1030.7,13.9
2026-09-23T02:53Z,KDKK,30.40,1029.6,10.6
2026-09-23T02:53Z,KIAG,30.42,1030.6,10.0
2026-09-23T02:54Z,KROC,30.43,1031.0,13.9
2026-09-23T03:53Z,KDKK,30.40,1029.6,11.1
2026-09-23T03:53Z,KIAG,30.42,1030.4,11.1
2026-09-23T03:54Z,KROC,30.44,1031.1,12.8
2026-09-23T04:53Z,KDKK,30.40,1029.6,10.6
2026-09-23T04:53Z,KIAG,30.42,1030.6,10.6
2026-09-23T04:54Z,KROC,30.44,1031.3,11.1
2026-09-23T05:53Z,KDKK,30.40,1029.5,8.9
2026-09-23T05:53Z,KIAG,30.43,1030.8,10.6
2026-09-23T05:54Z,KROC,30.45,1031.6,10.6
2026-09-23T06:53Z,KDKK,30.40,1029.6,9.4
2026-09-23T06:53Z,KIAG,30.43,1030.8,10.6
2026-09-23T06:54Z,KROC,30.46,1031.8,10.0
2026-09-23T07:53Z,KDKK,30.41,1029.8,8.9
2026-09-23T07:53Z,KIAG,30.43,1030.9,10.0
2026-09-23T07:54Z,KROC,30.46,1032.0,10.0
2026-09-23T08:53Z,KDKK,30.42,1030.2,8.9
2026-09-23T08:53Z,KIAG,30.44,1031.3,8.9
2026-09-23T08:54Z,KROC,30.47,1032.4,9.4
2026-09-23T09:53Z,KDKK,30.43,1030.5,8.9
2026-09-23T09:53Z,KIAG,30.46,1031.9,8.9
2026-09-23T09:54Z,KROC,30.49,1032.9,8.9
2026-09-23T10:53Z,KDKK,30.44,1030.9,8.9
2026-09-23T10:53Z,KIAG,30.46,1032.1,8.3
2026-09-23T10:54Z,KROC,30.51,1033.5,8.3
2026-09-23T11:53Z,KDKK,30.46,1031.5,10.6
2026-09-23T11:53Z,KIAG,30.49,1033.0,9.4
2026-09-23T11:54Z,KROC,30.52,1034.1,9.4
2026-09-23T12:53Z,KDKK,30.47,1031.9,12.8
2026-09-23T12:53Z,KIAG,30.50,1033.2,12.8
2026-09-23T12:54Z,KROC,30.53,1034.3,12.2
2026-09-23T13:53Z,KIAG,30.50,1033.3,15.0
2026-09-23T14:53Z,KDKK,30.47,1032.0,16.1
2026-09-23T14:53Z,KIAG,30.50,1033.2,16.7
2026-09-23T14:54Z,KROC,30.54,1034.6,16.1
2026-09-23T15:53Z,KDKK,30.46,1031.7,17.8
2026-09-23T15:53Z,KIAG,30.50,1033.1,18.3
2026-09-23T15:54Z,KROC,30.53,1034.2,17.2
2026-09-23T16:53Z,KDKK,30.45,1031.1,18.9
2026-09-23T16:53Z,KIAG,30.49,1032.6,18.9
2026-09-23T16:54Z,KROC,30.51,1033.6,18.3
2026-09-23T17:53Z,KDKK,30.43,1030.5,20.0
2026-09-23T17:53Z,KIAG,30.47,1032.1,20.0
2026-09-23T17:54Z,KROC,30.50,1033.2,18.9
2026-09-23T18:53Z,KDKK,30.41,1029.9,21.1
2026-09-23T18:53Z,KIAG,30.45,1031.3,20.0
2026-09-23T18:54Z,KROC,30.49,1032.8,18.9
2026-09-23T19:53Z,KDKK,30.40,1029.4,21.1
2026-09-23T19:53Z,KIAG,30.44,1031.0,18.9
2026-09-23T19:54Z,KROC,30.48,1032.5,18.9
2026-09-23T20:53Z,KDKK,30.40,1029.4,21.1
2026-09-23T20:53Z,KIAG,30.44,1031.1,18.9
2026-09-23T20:54Z,KROC,30.48,1032.5,17.8
2026-09-23T21:53Z,KDKK,30.40,1029.6,19.4
2026-09-23T21:53Z,KIAG,30.45,1031.5,17.8
2026-09-23T21:54Z,KROC,30.48,1032.5,17.2
2026-09-23T22:53Z,KDKK,30.41,1029.8,17.2
2026-09-23T22:53Z,KIAG,30.45,1031.7,15.6
2026-09-23T22:54Z,KROC,30.48,1032.5,16.1
2026-09-23T23:53Z,KDKK,30.42,1030.3,14.4
2026-09-23T23:53Z,KIAG,30.46,1032.0,13.3
2026-09-23T23:54Z,KROC,30.48,1032.7,15.0
2026-09-24T00:53Z,KDKK,30.44,1030.8,12.8
2026-09-24T00:53Z,KIAG,30.47,1032.2,12.8
2026-09-24T00:54Z,KROC,30.50,1033.1,15.0
2026-09-24T01:53Z,KDKK,30.45,1031.3,11.7
2026-09-24T01:53Z,KIAG,30.48,1032.4,12.2
2026-09-24T01:54Z,KROC,30.49,1033.0,13.3
2026-09-24T02:53Z,KDKK,30.46,1031.5,11.1
2026-09-24T02:53Z,KIAG,30.47,1032.2,11.1
2026-09-24T02:54Z,KROC,30.49,1033.0,12.8
2026-09-24T03:53Z,KDKK,30.46,1031.5,7.2
2026-09-24T03:53Z,KIAG,30.47,1032.0,11.1
2026-09-24T03:54Z,KROC,30.49,1032.9,11.1
2026-09-24T04:53Z,KDKK,30.45,1031.3,7.8
2026-09-24T04:53Z,KIAG,30.46,1031.8,8.9
2026-09-24T04:54Z,KROC,30.49,1032.9,10.6
2026-09-24T05:53Z,KDKK,30.45,1031.3,6.7
2026-09-24T05:53Z,KIAG,30.46,1031.7,9.4
2026-09-24T05:54Z,KROC,30.49,1033.0,9.4
2026-09-24T06:53Z,KDKK,30.45,1031.3,7.2
2026-09-24T06:53Z,KIAG,30.46,1031.8,8.9
2026-09-24T06:54Z,KROC,30.49,1033.1,10.0
2026-09-24T07:53Z,KDKK,30.45,1031.3,6.7
2026-09-24T07:53Z,KIAG,30.46,1032.0,7.8
2026-09-24T07:54Z,KROC,30.49,1032.9,8.9
2026-09-24T08:53Z,KDKK,30.45,1031.3,6.7
2026-09-24T08:53Z,KIAG,30.47,1032.1,7.2
2026-09-24T08:54Z,KROC,30.49,1033.0,8.9
2026-09-24T09:53Z,KDKK,30.46,1031.5,5.0
2026-09-24T09:53Z,KIAG,30.47,1032.2,7.2
2026-09-24T09:54Z,KROC,30.50,1033.1,6.7
2026-09-24T10:53Z,KDKK,30.46,1031.7,4.4
2026-09-24T10:53Z,KIAG,30.48,1032.6,6.1
2026-09-24T10:54Z,KROC,30.51,1033.5,6.1
2026-09-24T11:53Z,KDKK,30.48,1032.3,8.3
2026-09-24T11:53Z,KIAG,30.50,1033.4,7.8
2026-09-24T11:54Z,KROC,30.52,1034.1,7.2
2026-09-24T12:53Z,KDKK,30.49,1032.5,11.1
2026-09-24T12:53Z,KIAG,30.50,1033.4,11.1
2026-09-24T12:54Z,KROC,30.52,1034.1,11.1
2026-09-24T13:53Z,KDKK,30.48,1032.2,14.4
2026-09-24T13:53Z,KIAG,30.50,1033.1,15.0
2026-09-24T13:54Z,KROC,30.53,1034.2,13.3
2026-09-24T14:53Z,KDKK,30.47,1032.0,16.1
2026-09-24T14:53Z,KIAG,30.49,1032.8,16.7
2026-09-24T14:54Z,KROC,30.52,1033.9,15.0
2026-09-24T15:53Z,KDKK,30.45,1031.5,16.7
2026-09-24T15:53Z,KIAG,30.47,1032.2,17.8
2026-09-24T15:54Z,KROC,30.50,1033.3,16.7
2026-09-24T16:53Z,KDKK,30.44,1030.9,17.2
2026-09-24T16:53Z,KIAG,30.46,1031.7,18.3
2026-09-24T16:54Z,KROC,30.48,1032.6,17.8
2026-09-24T17:53Z,KDKK,30.41,1030.0,18.3
2026-09-24T17:53Z,KIAG,30.43,1030.8,19.4
2026-09-24T17:54Z,KROC,30.46,1031.8,17.2
2026-09-24T18:53Z,KDKK,30.39,1029.3,17.2
2026-09-24T18:53Z,KIAG,30.42,1030.3,20.0
2026-09-24T18:54Z,KROC,30.44,1031.2,17.8
2026-09-24T19:53Z,KDKK,30.37,1028.5,19.4
2026-09-24T19:53Z,KIAG,30.40,1029.7,19.4
2026-09-24T19:54Z,KROC,30.42,1030.6,17.2
2026-09-24T20:53Z,KDKK,30.36,1028.2,19.4
2026-09-24T20:53Z,KIAG,30.39,1029.4,18.9
2026-09-24T20:54Z,KROC,30.41,1030.3,17.2
2026-09-24T21:53Z,KDKK,30.36,1028.2,18.3
2026-09-24T21:53Z,KIAG,30.38,1029.4,17.2
2026-09-24T21:54Z,KROC,30.41,1030.3,16.1
2026-09-24T22:53Z,KDKK,30.35,1028.2,15.6
2026-09-24T22:53Z,KIAG,30.39,1029.7,14.4
2026-09-24T22:54Z,KROC,30.40,1030.1,14.4
2026-09-24T23:53Z,KDKK,30.36,1028.3,11.7
2026-09-24T23:53Z,KIAG,30.39,1029.6,12.2
2026-09-24T23:54Z,KROC,30.40,1029.9,12.8
2026-09-25T00:53Z,KDKK,30.37,1028.7,11.7
2026-09-25T00:53Z,KIAG,30.39,1029.6,11.1
2026-09-25T00:54Z,KROC,30.40,1029.8,10.0
2026-09-25T01:53Z,KDKK,30.38,1028.9,9.4
2026-09-25T01:53Z,KIAG,30.39,1029.7,9.4
2026-09-25T01:54Z,KROC,30.40,1029.8,9.4
2026-09-25T02:53Z,KDKK,30.37,1028.4,10.6
2026-09-25T02:53Z,KIAG,30.38,1029.3,8.9
2026-09-25T02:54Z,KROC,30.39,1029.6,8.3
2026-09-25T03:53Z,KDKK,30.37,1028.5,8.9
2026-09-25T03:53Z,KIAG,30.37,1029.0,8.3
2026-09-25T03:54Z,KROC,30.39,1029.4,7.2
2026-09-25T04:53Z,KDKK,30.36,1028.1,8.9
2026-09-25T04:53Z,KIAG,30.36,1028.7,7.8
2026-09-25T04:54Z,KROC,30.37,1028.9,7.2
2026-09-25T05:53Z,KDKK,30.35,1027.8,6.1
2026-09-25T05:53Z,KIAG,30.35,1028.3,7.2
2026-09-25T05:54Z,KROC,30.36,1028.5,6.1
2026-09-25T06:53Z,KDKK,30.34,1027.5,4.4
2026-09-25T06:53Z,KIAG,30.35,1028.1,5.6
2026-09-25T06:54Z,KROC,30.34,1028.0,6.1
2026-09-25T07:53Z,KDKK,30.33,1027.1,5.6
2026-09-25T07:53Z,KIAG,30.33,1027.6,6.1
2026-09-25T07:54Z,KROC,30.33,1027.7,5.6
2026-09-25T08:53Z,KDKK,30.32,1026.9,4.4
2026-09-25T08:53Z,KIAG,30.33,1027.4,5.6
2026-09-25T08:54Z,KROC,30.33,1027.5,5.0
2026-09-25T09:53Z,KDKK,30.32,1026.9,2.8
2026-09-25T09:53Z,KIAG,30.32,1027.3,5.0
2026-09-25T09:54Z,KROC,30.33,1027.5,5.0
2026-09-25T10:53Z,KDKK,30.33,1027.3,2.2
2026-09-25T10:53Z,KIAG,30.32,1027.4,5.6
2026-09-25T10:54Z,KROC,30.32,1027.4,4.4
2026-09-25T11:53Z,KDKK,30.34,1027.9,5.0
2026-09-25T11:53Z,KIAG,30.34,1028.0,7.2
2026-09-25T11:54Z,KROC,30.34,1027.9,5.6
2026-09-25T12:53Z,KDKK,30.35,1028.0,10.6
2026-09-25T12:53Z,KIAG,30.35,1028.0,13.9
2026-09-25T12:54Z,KROC,30.35,1028.3,8.3
2026-09-25T13:53Z,KDKK,30.35,1028.0,14.4
2026-09-25T13:53Z,KIAG,30.35,1028.2,15.6
2026-09-25T13:54Z,KROC,30.35,1028.4,12.2
2026-09-25T14:53Z,KDKK,30.34,1027.7,16.1
2026-09-25T14:53Z,KIAG,30.35,1028.0,17.2
2026-09-25T14:54Z,KROC,30.34,1027.7,16.7
2026-09-25T15:53Z,KDKK,30.31,1026.6,17.2
2026-09-25T15:53Z,KIAG,30.32,1027.0,18.3
2026-09-25T15:54Z,KROC,30.31,1026.9,17.8
2026-09-25T16:53Z,KDKK,30.31,1026.4,18.3
2026-09-25T16:53Z,KIAG,30.31,1026.8,18.9
2026-09-25T16:54Z,KROC,30.31,1026.8,18.9
2026-09-25T17:53Z,KDKK,30.30,1026.1,18.9
2026-09-25T17:53Z,KIAG,30.30,1026.5,18.9
2026-09-25T17:54Z,KROC,30.29,1026.2,18.9
2026-09-25T18:53Z,KDKK,30.28,1025.6,19.4
2026-09-25T18:53Z,KIAG,30.29,1026.1,18.3
2026-09-25T18:54Z,KROC,30.28,1025.7,19.4
2026-09-25T19:53Z,KDKK,30.26,1024.9,19.4
2026-09-25T19:53Z,KIAG,30.27,1025.3,19.4
2026-09-25T19:54Z,KROC,30.26,1025.2,18.9
2026-09-25T20:53Z,KDKK,30.25,1024.5,18.9
2026-09-25T20:53Z,KIAG,30.25,1024.8,19.4
2026-09-25T20:54Z,KROC,30.24,1024.5,19.4
2026-09-25T21:53Z,KDKK,30.24,1024.3,17.2
2026-09-25T21:53Z,KIAG,30.24,1024.6,18.3
2026-09-25T21:54Z,KROC,30.22,1023.9,18.9
2026-09-25T22:53Z,KDKK,30.23,1023.9,16.7
2026-09-25T22:53Z,KIAG,30.23,1024.3,15.0
2026-09-25T22:54Z,KROC,30.22,1023.9,16.7
2026-09-25T23:53Z,KDKK,30.23,1024.1,13.9
2026-09-25T23:53Z,KIAG,30.23,1024.2,13.3
2026-09-25T23:54Z,KROC,30.22,1023.7,14.4
2026-09-26T00:53Z,KDKK,30.23,1024.0,9.4
2026-09-26T00:53Z,KIAG,30.23,1024.1,11.7
2026-09-26T00:54Z,KROC,30.22,1023.8,13.3
2026-09-26T01:53Z,KDKK,30.23,1023.9,8.3
2026-09-26T01:53Z,KIAG,30.23,1023.9,12.8
2026-09-26T01:54Z,KROC,30.22,1023.9,13.3
2026-09-26T02:53Z,KDKK,30.23,1023.8,9.4
2026-09-26T02:53Z,KIAG,30.22,1023.7,13.3
2026-09-26T02:54Z,KROC,30.22,1023.5,12.8
2026-09-26T03:53Z,KDKK,30.22,1023.5,8.9
2026-09-26T03:53Z,KIAG,30.22,1023.4,12.8
2026-09-26T03:54Z,KROC,30.20,1023.0,12.8
2026-09-26T04:53Z,KDKK,30.21,1023.0,8.9
2026-09-26T04:53Z,KIAG,30.20,1022.9,12.8
2026-09-26T04:54Z,KROC,30.18,1022.4,11.7
2026-09-26T05:53Z,KDKK,30.19,1022.3,8.9
2026-09-26T05:53Z,KIAG,30.18,1022.1,13.3
2026-09-26T05:54Z,KROC,30.18,1022.3,10.0
2026-09-26T06:53Z,KDKK,30.17,1021.9,8.3
2026-09-26T06:53Z,KIAG,30.17,1021.7,13.3
2026-09-26T06:54Z,KROC,30.15,1021.3,10.6
2026-09-26T07:53Z,KDKK,30.16,1021.3,7.8
2026-09-26T07:53Z,KIAG,30.15,1021.2,12.2
2026-09-26T07:54Z,KROC,30.14,1020.9,8.9
2026-09-26T08:00Z,KDKK,30.15,,7.2
2026-09-26T08:38Z,KDKK,30.15,,7.2
2026-09-26T08:51Z,KDKK,30.15,,7.0
2026-09-26T08:53Z,KDKK,30.15,1021.1,7.2
2026-09-26T08:53Z,KIAG,30.15,1020.9,13.3
2026-09-26T08:54Z,KROC,30.14,1020.9,8.3
2026-09-26T09:05Z,KDKK,30.15,,6.7
2026-09-26T09:17Z,KDKK,30.15,,6.7
2026-09-26T09:53Z,KDKK,30.15,1021.2,6.7
2026-09-26T09:53Z,KIAG,30.15,1021.1,12.8
2026-09-26T09:54Z,KROC,30.14,1020.8,12.8
2026-09-26T10:53Z,KDKK,30.16,1021.5,7.2
2026-09-26T10:53Z,KIAG,30.15,1021.5,11.7
2026-09-26T10:54Z,KROC,30.13,1020.6,12.8
2026-09-26T11:10Z,KDKK,30.16,,6.7
2026-09-26T11:12Z,KDKK,30.16,,7.2
2026-09-26T11:34Z,KDKK,30.16,,6.7
2026-09-26T11:41Z,KDKK,30.16,,7.8
2026-09-26T11:53Z,KDKK,30.16,1021.5,8.3
2026-09-26T11:53Z,KIAG,30.15,1021.4,12.8
2026-09-26T11:54Z,KROC,30.14,1021.0,12.2
2026-09-26T12:53Z,KDKK,30.17,1021.8,14.4
2026-09-26T12:53Z,KIAG,30.16,1021.6,15.6
2026-09-26T12:54Z,KROC,30.15,1021.4,13.9
2026-09-26T13:53Z,KDKK,30.17,1021.8,16.7
2026-09-26T13:53Z,KIAG,30.16,1021.6,17.2
2026-09-26T13:54Z,KROC,30.15,1021.5,15.0
2026-09-26T14:53Z,KDKK,30.16,1021.5,17.2
2026-09-26T14:53Z,KIAG,30.15,1021.2,19.4
2026-09-26T14:54Z,KROC,30.15,1021.3,16.1
2026-09-26T15:53Z,KDKK,30.16,1021.4,18.9
2026-09-26T15:53Z,KIAG,30.15,1021.1,20.0
2026-09-26T15:54Z,KROC,30.14,1021.0,17.8
2026-09-26T16:53Z,KDKK,30.15,1020.9,20.0
2026-09-26T16:53Z,KIAG,30.15,1020.9,20.0
2026-09-26T16:54Z,KROC,30.13,1020.5,17.8
2026-09-26T17:53Z,KDKK,30.13,1020.2,20.0
2026-09-26T17:53Z,KIAG,30.13,1020.3,20.0
2026-09-26T17:54Z,KROC,30.11,1020.0,18.9
2026-09-26T18:53Z,KDKK,30.10,1019.4,21.7
2026-09-26T18:53Z,KIAG,30.11,1019.7,19.4
2026-09-26T18:54Z,KROC,30.09,1019.2,19.4
2026-09-26T19:53Z,KDKK,30.09,1019.0,20.0
2026-09-26T19:53Z,KIAG,30.10,1019.2,19.4
2026-09-26T19:54Z,KROC,30.07,1018.8,20.0
2026-09-26T20:53Z,KDKK,30.09,1018.9,20.0
2026-09-26T20:53Z,KIAG,30.09,1018.8,20.0
2026-09-26T20:54Z,KROC,30.06,1018.3,20.0
2026-09-26T21:53Z,KDKK,30.08,1018.7,19.4
2026-09-26T21:53Z,KIAG,30.08,1018.6,18.9
2026-09-26T21:54Z,KROC,30.06,1018.1,19.4
2026-09-26T22:53Z,KDKK,30.08,1018.6,17.2
2026-09-26T22:53Z,KIAG,30.07,1018.5,17.2
2026-09-26T22:54Z,KROC,30.06,1018.1,18.3
2026-09-26T23:53Z,KDKK,30.08,1018.6,13.3
2026-09-26T23:53Z,KIAG,30.07,1018.7,15.6
2026-09-26T23:54Z,KROC,30.07,1018.5,17.2
2026-09-27T00:53Z,KDKK,30.08,1018.8,12.8
2026-09-27T00:53Z,KIAG,30.08,1018.9,14.4
2026-09-27T00:54Z,KROC,30.08,1018.7,16.1
2026-09-27T01:53Z,KDKK,30.08,1018.8,10.6
2026-09-27T01:53Z,KIAG,30.08,1018.7,13.3
2026-09-27T01:54Z,KROC,30.06,1018.2,15.0
2026-09-27T02:53Z,KDKK,30.07,1018.3,9.4
2026-09-27T02:53Z,KIAG,30.07,1018.4,13.3
2026-09-27T02:54Z,KROC,30.05,1017.9,13.3
2026-09-27T03:53Z,KDKK,30.06,1017.9,8.3
2026-09-27T03:53Z,KIAG,30.06,1017.9,13.3
2026-09-27T03:54Z,KROC,30.04,1017.5,12.2
2026-09-27T04:53Z,KDKK,30.04,1017.4,7.8
2026-09-27T04:53Z,KIAG,30.04,1017.1,13.9
2026-09-27T04:54Z,KROC,30.03,1017.1,13.9
2026-09-27T05:05Z,KDKK,30.04,,7.2
2026-09-27T05:53Z,KDKK,30.02,1016.8,7.8
2026-09-27T05:53Z,KIAG,30.02,1016.8,13.3
2026-09-27T05:54Z,KROC,30.01,1016.5,12.8
2026-09-27T06:53Z,KDKK,30.02,1016.3,7.8
2026-09-27T06:53Z,KIAG,30.02,1016.5,13.3
2026-09-27T06:54Z,KROC,29.99,1016.0,13.3
2026-09-27T06:57Z,KDKK,30.01,,7.2
2026-09-27T07:07Z,KDKK,30.01,,7.2
2026-09-27T07:16Z,KDKK,30.01,,7.2
2026-09-27T07:25Z,KDKK,30.00,,7.2
2026-09-27T07:35Z,KDKK,30.00,,7.2
2026-09-27T07:41Z,KDKK,30.00,,6.7
2026-09-27T07:46Z,KDKK,30.00,,6.7
2026-09-27T07:53Z,KDKK,30.00,1015.8,6.7
2026-09-27T07:53Z,KIAG,30.00,1015.8,12.8
2026-09-27T07:54Z,KROC,29.97,1015.2,13.3
2026-09-27T08:24Z,KDKK,29.99,,5.6
2026-09-27T08:46Z,KDKK,29.99,,6.7
2026-09-27T08:48Z,KDKK,29.99,,7.0
2026-09-27T08:53Z,KDKK,29.99,1015.5,6.7
2026-09-27T08:53Z,KIAG,29.99,1015.6,12.2
2026-09-27T08:54Z,KROC,29.97,1015.0,13.3
2026-09-27T09:00Z,KDKK,29.99,,6.7
2026-09-27T09:18Z,KDKK,29.99,,6.1
2026-09-27T09:23Z,KDKK,29.99,,6.1
2026-09-27T09:48Z,KDKK,29.99,,6.0
2026-09-27T09:53Z,KDKK,29.99,1015.6,6.1
2026-09-27T09:53Z,KIAG,29.99,1015.6,12.2
2026-09-27T09:54Z,KROC,29.96,1014.8,13.9
2026-09-27T09:56Z,KDKK,29.99,,6.1
2026-09-27T09:59Z,KDKK,29.99,,5.6
2026-09-27T10:08Z,KDKK,29.99,,6.1
2026-09-27T10:10Z,KDKK,29.99,,6.7
2026-09-27T10:30Z,KDKK,29.99,,6.1
2026-09-27T10:38Z,KDKK,29.99,,5.6
2026-09-27T10:42Z,KDKK,29.99,,5.6
2026-09-27T10:45Z,KDKK,29.99,,5.0
2026-09-27T10:53Z,KDKK,29.99,1015.7,6.1
2026-09-27T10:53Z,KIAG,29.99,1015.7,12.8
2026-09-27T10:54Z,KROC,29.96,1014.8,13.3
2026-09-27T10:56Z,KDKK,29.99,,6.1
2026-09-27T11:06Z,KDKK,29.99,,5.0
2026-09-27T11:15Z,KDKK,29.99,,6.1
2026-09-27T11:17Z,KDKK,29.99,,6.1
2026-09-27T11:21Z,KDKK,29.99,,6.1
2026-09-27T11:24Z,KDKK,29.99,,5.6
2026-09-27T11:34Z,KDKK,30.00,,6.1
2026-09-27T11:41Z,KDKK,30.00,,6.1
2026-09-27T11:44Z,KDKK,30.00,,6.1
2026-09-27T11:46Z,KDKK,30.00,,6.1
2026-09-27T11:53Z,KDKK,30.00,1016.0,5.6
2026-09-27T11:53Z,KIAG,30.00,1016.0,13.3
2026-09-27T11:54Z,KROC,29.96,1014.8,13.9
2026-09-27T11:58Z,KDKK,30.00,,6.1
2026-09-27T12:05Z,KDKK,30.00,,6.7
2026-09-27T12:53Z,KDKK,29.99,1015.7,12.2
2026-09-27T12:53Z,KIAG,29.99,1015.8,15.0
2026-09-27T12:54Z,KROC,29.95,1014.6,14.4
2026-09-27T13:53Z,KDKK,29.98,1015.3,16.1
2026-09-27T13:53Z,KIAG,29.98,1015.3,16.1
2026-09-27T13:54Z,KROC,29.95,1014.4,16.1
2026-09-27T14:53Z,KDKK,29.98,1015.3,16.1
2026-09-27T14:53Z,KIAG,29.98,1015.3,17.8
2026-09-27T14:54Z,KROC,29.95,1014.5,16.7
2026-09-27T15:53Z,KDKK,29.98,1015.1,18.3
2026-09-27T15:53Z,KIAG,29.98,1015.2,18.3
2026-09-27T15:54Z,KROC,29.95,1014.4,17.2
2026-09-27T16:53Z,KDKK,29.96,1014.6,19.4
2026-09-27T16:53Z,KIAG,29.97,1014.8,18.3
2026-09-27T16:54Z,KROC,29.94,1014.2,17.8
2026-09-27T17:53Z,KDKK,29.96,1014.4,19.4
2026-09-27T17:53Z,KIAG,29.96,1014.5,19.4
2026-09-27T17:54Z,KROC,29.94,1014.1,18.3
2026-09-27T18:53Z,KDKK,29.95,1014.2,18.9
2026-09-27T18:53Z,KIAG,29.94,1013.9,19.4
2026-09-27T18:54Z,KROC,29.93,1013.8,18.9
2026-09-27T19:53Z,KDKK,29.94,1014.0,19.4
2026-09-27T19:53Z,KIAG,29.93,1013.5,20.0
2026-09-27T19:54Z,KROC,29.93,1013.8,17.2
2026-09-27T20:53Z,KDKK,29.94,1013.8,19.4
2026-09-27T20:53Z,KIAG,29.93,1013.6,19.4
2026-09-27T20:54Z,KROC,29.94,1014.1,16.7
2026-09-27T21:53Z,KDKK,29.94,1014.0,19.4
2026-09-27T21:53Z,KIAG,29.94,1013.8,19.4
2026-09-27T21:54Z,KROC,29.96,1014.9,14.4
2026-09-27T22:14Z,KROC,29.96,,13.9
2026-09-27T22:53Z,KDKK,29.94,1013.9,18.9
2026-09-27T22:53Z,KIAG,29.95,1014.2,18.3
2026-09-27T22:54Z,KROC,29.96,1015.0,13.9
2026-09-27T23:53Z,KDKK,29.96,1014.6,17.8
2026-09-27T23:53Z,KIAG,29.96,1014.6,17.2
2026-09-27T23:54Z,KROC,29.97,1015.3,13.9
2026-09-28T00:53Z,KDKK,29.97,1014.9,15.6
2026-09-28T00:53Z,KIAG,29.97,1015.0,16.1
2026-09-28T00:54Z,KROC,29.97,1015.3,13.9
2026-09-28T01:53Z,KDKK,29.97,1014.7,15.0
2026-09-28T01:53Z,KIAG,29.97,1015.1,15.0
2026-09-28T01:54Z,KROC,29.96,1014.9,13.9
2026-09-28T02:53Z,KDKK,29.96,1014.6,14.4
2026-09-28T02:53Z,KIAG,29.97,1015.0,13.9
2026-09-28T02:54Z,KROC,29.96,1014.9,13.9
2026-09-28T03:19Z,KIAG,29.97,,14.4
2026-09-28T03:53Z,KDKK,29.96,1014.4,14.4
2026-09-28T03:53Z,KIAG,29.97,1014.9,13.9
2026-09-28T03:54Z,KROC,29.96,1014.7,13.9
2026-09-28T04:39Z,KDKK,29.96,,14.4
2026-09-28T04:53Z,KDKK,29.96,1014.3,14.4
2026-09-28T04:53Z,KIAG,29.96,1014.6,13.9
2026-09-28T04:54Z,KROC,29.95,1014.3,13.9
2026-09-28T05:04Z,KIAG,29.96,,13.9
2026-09-28T05:17Z,KIAG,29.96,,13.9
2026-09-28T05:25Z,KIAG,29.96,,13.9
2026-09-28T05:35Z,KIAG,29.96,,13.9
2026-09-28T05:53Z,KDKK,29.96,1014.2,14.4
2026-09-28T05:53Z,KIAG,29.95,1014.4,13.9
2026-09-28T05:54Z,KROC,29.95,1014.4,13.9
2026-09-28T06:28Z,KIAG,29.95,,13.9
2026-09-28T06:53Z,KDKK,29.95,1014.2,14.4
2026-09-28T06:53Z,KIAG,29.95,1014.4,13.9
2026-09-28T06:54Z,KROC,29.94,1014.1,13.9
2026-09-28T07:02Z,KIAG,29.95,,13.9
2026-09-28T07:14Z,KIAG,29.95,,13.9
2026-09-28T07:36Z,KIAG,29.95,,13.9
2026-09-28T07:53Z,KDKK,29.95,1014.1,14.4
2026-09-28T07:53Z,KIAG,29.95,1014.1,13.9
2026-09-28T07:54Z,KROC,29.94,1013.9,13.9
2026-09-28T08:42Z,KIAG,29.94,,13.9
2026-09-28T08:53Z,KDKK,29.95,1014.0,14.4
2026-09-28T08:53Z,KIAG,29.94,1014.1,13.9
2026-09-28T08:54Z,KROC,29.94,1014.1,13.9
2026-09-28T09:13Z,KDKK,29.95,,14.4
2026-09-28T09:28Z,KDKK,29.95,,13.9
2026-09-28T09:28Z,KIAG,29.95,,13.9
2026-09-28T09:42Z,KIAG,29.95,,13.9
2026-09-28T09:53Z,KDKK,29.95,1014.0,14.4
2026-09-28T09:53Z,KIAG,29.95,1014.2,13.9
2026-09-28T09:54Z,KROC,29.94,1014.3,14.4
2026-09-28T10:33Z,KROC,29.95,,14.4
2026-09-28T10:48Z,KDKK,29.96,,14.0
2026-09-28T10:53Z,KDKK,29.96,1014.3,14.4
2026-09-28T10:53Z,KIAG,29.96,1014.6,13.9
2026-09-28T10:54Z,KROC,29.95,1014.5,14.4
2026-09-28T11:10Z,KDKK,29.96,,14.4
2026-09-28T11:18Z,KDKK,29.97,,14.4
2026-09-28T11:26Z,KDKK,29.97,,14.4
2026-09-28T11:31Z,KIAG,29.97,,13.9
2026-09-28T11:37Z,KDKK,29.97,,14.4
2026-09-28T11:40Z,KIAG,29.97,,13.9
2026-09-28T11:47Z,KIAG,29.97,,14.0
2026-09-28T11:48Z,KIAG,29.97,1015.2,13.9
2026-09-28T11:53Z,KDKK,29.98,1015.0,14.4
2026-09-28T11:54Z,KROC,29.97,1015.1,14.4
2026-09-28T11:57Z,KIAG,29.98,,13.9
2026-09-28T12:14Z,KDKK,29.98,,14.4
2026-09-28T12:15Z,KIAG,29.98,,13.9
2026-09-28T12:23Z,KIAG,29.98,,13.9
2026-09-28T12:31Z,KIAG,29.98,,13.9
2026-09-28T12:50Z,KROC,29.97,,15.0
2026-09-28T12:53Z,KDKK,29.98,1015.3,15.0
2026-09-28T12:53Z,KIAG,29.98,1015.4,14.4
2026-09-28T12:54Z,KROC,29.97,1015.3,15.0
2026-09-28T12:58Z,KROC,29.97,,15.0
2026-09-28T13:02Z,KIAG,29.98,,14.4
2026-09-28T13:17Z,KDKK,29.99,,15.0
2026-09-28T13:28Z,KROC,29.97,,15.6
2026-09-28T13:34Z,KDKK,29.99,,15.0
2026-09-28T13:46Z,KDKK,29.99,,15.0
2026-09-28T13:53Z,KDKK,29.99,1015.5,15.6
2026-09-28T13:53Z,KIAG,29.98,1015.5,15.0
2026-09-28T13:54Z,KROC,29.97,1015.2,15.6
2026-09-28T14:00Z,KIAG,29.99,,15.0
2026-09-28T14:34Z,KROC,29.97,,16.1
2026-09-28T14:53Z,KDKK,30.00,1015.7,15.0
2026-09-28T14:53Z,KIAG,29.98,1015.5,15.6
2026-09-28T14:54Z,KROC,29.97,1015.0,16.1
2026-09-28T15:05Z,KDKK,29.99,,15.0
2026-09-28T15:12Z,KDKK,29.99,,15.0
2026-09-28T15:21Z,KDKK,30.00,,15.0
2026-09-28T15:28Z,KDKK,29.99,,15.0
2026-09-28T15:53Z,KDKK,30.00,1015.8,15.6
2026-09-28T15:53Z,KIAG,29.98,1015.3,17.2
2026-09-28T15:54Z,KROC,29.97,1015.3,16.7
2026-09-28T16:00Z,KIAG,29.98,,17.2
2026-09-28T16:53Z,KDKK,29.99,1015.5,16.7
2026-09-28T16:53Z,KIAG,29.97,1015.2,17.2
2026-09-28T16:54Z,KROC,29.97,1015.1,16.7
2026-09-28T17:07Z,KIAG,29.97,,17.8
2026-09-28T17:28Z,KIAG,29.97,,17.2
2026-09-28T17:53Z,KDKK,29.98,1015.2,17.2
2026-09-28T17:53Z,KIAG,29.97,1014.9,16.7
2026-09-28T17:54Z,KROC,29.96,1014.9,16.7
2026-09-28T18:46Z,KDKK,29.97,,17.8
2026-09-28T18:53Z,KDKK,29.97,1014.8,17.8
2026-09-28T18:53Z,KIAG,29.96,1014.7,17.2
2026-09-28T18:54Z,KROC,29.96,1014.7,16.7
2026-09-28T19:53Z,KDKK,29.97,1014.9,17.8
2026-09-28T19:53Z,KIAG,29.96,1014.7,17.2
2026-09-28T19:54Z,KROC,29.95,1014.6,17.8
2026-09-28T20:36Z,KROC,29.95,,17.8
2026-09-28T20:46Z,KROC,29.95,,17.8
2026-09-28T20:53Z,KDKK,29.98,1015.0,17.2
2026-09-28T20:53Z,KIAG,29.97,1014.9,16.7
2026-09-28T20:54Z,KROC,29.96,1014.6,17.8
2026-09-28T21:01Z,KDKK,29.98,,17.2
2026-09-28T21:18Z,KROC,29.96,,17.2
2026-09-28T21:46Z,KROC,29.97,,17.2
2026-09-28T21:53Z,KDKK,29.99,1015.5,16.7
2026-09-28T21:53Z,KIAG,29.98,1015.2,16.7
2026-09-28T21:54Z,KROC,29.97,1015.2,17.2
2026-09-28T22:05Z,KIAG,29.98,,17.2
2026-09-28T22:13Z,KIAG,29.98,,16.7
2026-09-28T22:19Z,KDKK,29.99,,16.7
2026-09-28T22:53Z,KDKK,30.00,1015.8,16.1
2026-09-28T22:53Z,KIAG,29.98,1015.5,16.7
2026-09-28T22:54Z,KROC,29.98,1015.5,17.2
2026-09-28T23:04Z,KDKK,30.00,,16.1
2026-09-28T23:53Z,KDKK,30.00,1015.9,16.1
2026-09-28T23:53Z,KIAG,29.99,1015.6,16.1
2026-09-28T23:54Z,KROC,29.99,1015.8,16.7
2026-09-29T00:31Z,KIAG,29.99,,16.1
2026-09-29T00:35Z,KDKK,30.01,,16.1
2026-09-29T00:53Z,KDKK,30.02,1016.3,15.6
2026-09-29T00:53Z,KIAG,29.99,1015.8,16.1
2026-09-29T00:54Z,KROC,30.00,1016.1,16.1
2026-09-29T01:00Z,KIAG,29.99,,16.1
2026-09-29T01:53Z,KDKK,30.02,1016.5,16.1
2026-09-29T01:53Z,KIAG,30.00,1016.0,16.1
2026-09-29T01:54Z,KROC,30.00,1016.1,16.7
2026-09-29T02:13Z,KIAG,30.00,,16.1
2026-09-29T02:25Z,KIAG,30.00,,16.1
2026-09-29T02:53Z,KDKK,30.02,1016.4,16.1
2026-09-29T02:53Z,KIAG,30.00,1016.0,16.1
2026-09-29T02:54Z,KROC,30.00,1016.2,16.1
2026-09-29T03:17Z,KROC,30.00,,16.1
2026-09-29T03:46Z,KDKK,30.01,,15.6
2026-09-29T03:53Z,KDKK,30.01,1016.3,15.6
2026-09-29T03:53Z,KIAG,30.00,1015.9,16.1
2026-09-29T03:54Z,KROC,30.01,1016.3,16.1
2026-09-29T04:33Z,KROC,30.01,,15.6
2026-09-29T04:53Z,KDKK,30.01,1016.3,15.6
2026-09-29T04:53Z,KIAG,30.00,1015.8,15.6
2026-09-29T04:54Z,KROC,30.01,1016.5,15.6
2026-09-29T05:26Z,KDKK,30.01,,15.6
2026-09-29T05:53Z,KDKK,30.01,1016.0,15.6
2026-09-29T05:53Z,KIAG,29.99,1015.5,16.1
2026-09-29T05:54Z,KROC,30.01,1016.4,15.0
2026-09-29T06:53Z,KDKK,30.01,1016.1,15.6
2026-09-29T06:53Z,KIAG,30.00,1015.8,15.6
2026-09-29T06:54Z,KROC,30.01,1016.4,15.0
2026-09-29T07:53Z,KDKK,30.01,1016.2,16.1
2026-09-29T07:53Z,KIAG,30.00,1015.9,15.6
2026-09-29T07:54Z,KROC,30.01,1016.5,14.4
2026-09-29T08:23Z,KIAG,30.00,,15.6
2026-09-29T08:46Z,KIAG,30.01,,15.6
2026-09-29T08:53Z,KDKK,30.02,1016.4,16.1
2026-09-29T08:53Z,KIAG,30.01,1016.3,15.6
2026-09-29T08:54Z,KROC,30.01,1016.6,14.4
2026-09-29T09:53Z,KDKK,30.03,1016.8,16.1
2026-09-29T09:53Z,KIAG,30.02,1016.6,15.6
2026-09-29T09:54Z,KROC,30.03,1017.0,14.4
2026-09-29T10:19Z,KROC,30.03,,14.4
2026-09-29T10:53Z,KDKK,30.05,1017.4,16.1
2026-09-29T10:53Z,KIAG,30.03,1017.0,16.1
2026-09-29T10:54Z,KROC,30.04,1017.6,15.0
2026-09-29T11:53Z,KDKK,30.07,1018.0,16.7
2026-09-29T11:53Z,KIAG,30.05,1017.6,16.1
2026-09-29T11:54Z,KROC,30.07,1018.4,15.0
2026-09-29T12:08Z,KDKK,30.07,,16.7
2026-09-29T12:53Z,KDKK,30.08,1018.4,17.2
2026-09-29T12:53Z,KIAG,30.07,1018.2,17.2
2026-09-29T12:54Z,KROC,30.08,1018.7,15.6
2026-09-29T13:20Z,KROC,30.08,,15.6
2026-09-29T13:28Z,KROC,30.09,,16.1
2026-09-29T13:53Z,KDKK,30.08,1018.6,17.8
2026-09-29T13:53Z,KIAG,30.07,1018.3,18.3
2026-09-29T13:54Z,KROC,30.09,1019.2,16.1
2026-09-29T14:49Z,KDKK,30.09,,18.0
2026-09-29T14:53Z,KDKK,30.08,1018.6,18.3
2026-09-29T14:53Z,KIAG,30.07,1018.2,19.4
2026-09-29T14:54Z,KROC,30.08,1019.0,16.7
2026-09-29T15:16Z,KDKK,30.08,,18.9
2026-09-29T15:22Z,KROC,30.08,,17.8
2026-09-29T15:53Z,KDKK,30.08,1018.4,19.4
2026-09-29T15:53Z,KIAG,30.06,1017.9,20.0
2026-09-29T15:54Z,KROC,30.07,1018.5,18.3
2026-09-29T16:01Z,KROC,30.07,,18.3
2026-09-29T16:44Z,KROC,30.07,,18.9
2026-09-29T16:53Z,KDKK,30.07,1017.9,20.0
2026-09-29T16:53Z,KIAG,30.05,1017.7,20.0
2026-09-29T16:54Z,KROC,30.07,1018.3,18.9
2026-09-29T17:05Z,KROC,30.07,,18.9
2026-09-29T17:20Z,KROC,30.06,,19.4
2026-09-29T17:53Z,KDKK,30.06,1017.9,20.0
2026-09-29T17:53Z,KIAG,30.05,1017.6,20.0
2026-09-29T17:54Z,KROC,30.06,1017.9,19.4
2026-09-29T18:35Z,KIAG,30.04,,20.0
2026-09-29T18:53Z,KDKK,30.06,1017.7,20.6
2026-09-29T18:53Z,KIAG,30.04,1017.3,20.0
2026-09-29T18:54Z,KROC,30.05,1017.6,19.4
2026-09-29T19:34Z,KIAG,30.04,,20.0
2026-09-29T19:53Z,KDKK,30.05,1017.5,20.6
2026-09-29T19:53Z,KIAG,30.04,1017.2,20.0
2026-09-29T19:54Z,KROC,30.04,1017.5,19.4
2026-09-29T20:24Z,KIAG,30.04,,20.0
2026-09-29T20:44Z,KROC,30.05,,19.4
2026-09-29T20:47Z,KROC,30.05,,19.4
2026-09-29T20:53Z,KDKK,30.04,1016.9,21.1
2026-09-29T20:53Z,KIAG,30.03,1016.8,20.6
2026-09-29T20:54Z,KROC,30.05,1017.7,19.4
2026-09-29T21:21Z,KROC,30.05,,18.9
2026-09-29T21:53Z,KDKK,30.04,1017.0,20.6
2026-09-29T21:53Z,KIAG,30.03,1016.9,19.4
2026-09-29T21:54Z,KROC,30.04,1017.6,17.8
2026-09-29T22:53Z,KDKK,30.04,1017.2,17.8
2026-09-29T22:53Z,KIAG,30.03,1016.9,18.9
2026-09-29T22:54Z,KROC,30.05,1017.8,17.8
2026-09-29T23:53Z,KDKK,30.05,1017.5,15.0
2026-09-29T23:53Z,KIAG,30.04,1017.2,16.1
2026-09-29T23:54Z,KROC,30.05,1018.0,17.2
2026-09-30T00:53Z,KDKK,30.05,1017.5,15.6
2026-09-30T00:53Z,KIAG,30.03,1017.0,16.1
2026-09-30T00:54Z,KROC,30.06,1018.2,15.0
2026-09-30T01:53Z,KDKK,30.07,1018.1,14.4
2026-09-30T01:53Z,KIAG,30.05,1017.7,14.4
2026-09-30T01:54Z,KROC,30.07,1018.4,15.0
2026-09-30T02:53Z,KDKK,30.07,1018.1,13.3
2026-09-30T02:53Z,KIAG,30.05,1017.7,13.9
2026-09-30T02:54Z,KROC,30.07,1018.7,13.9
2026-09-30T03:37Z,KDKK,30.07,,12.2
2026-09-30T03:47Z,KDKK,30.07,,13.0
2026-09-30T03:53Z,KDKK,30.06,1018.0,12.8
2026-09-30T03:53Z,KIAG,30.05,1017.6,13.3
2026-09-30T03:54Z,KROC,30.07,1018.6,13.3
2026-09-30T04:53Z,KDKK,30.05,1017.6,12.8
2026-09-30T04:53Z,KIAG,30.04,1017.3,11.7
2026-09-30T04:54Z,KROC,30.07,1018.4,13.9
2026-09-30T05:15Z,KDKK,30.05,,12.2
2026-09-30T05:18Z,KDKK,30.05,,11.7
2026-09-30T05:30Z,KDKK,30.05,,11.7
2026-09-30T05:37Z,KDKK,30.05,,11.1
2026-09-30T05:41Z,KDKK,30.05,,10.6
2026-09-30T05:44Z,KDKK,30.05,,10.6
2026-09-30T05:53Z,KDKK,30.05,1017.5,10.6
2026-09-30T05:53Z,KIAG,30.03,1017.1,13.3
2026-09-30T05:54Z,KROC,30.06,1018.3,13.3
2026-09-30T05:59Z,KDKK,30.05,,11.1
2026-09-30T06:02Z,KDKK,30.05,,11.7
2026-09-30T06:34Z,KIAG,30.04,,12.2
2026-09-30T06:36Z,KIAG,30.04,,11.7
2026-09-30T06:38Z,KIAG,30.04,,11.7
2026-09-30T06:46Z,KIAG,30.04,,11.1
2026-09-30T06:53Z,KDKK,30.06,1017.6,15.0
2026-09-30T06:53Z,KIAG,30.04,1017.4,11.7
2026-09-30T06:54Z,KROC,30.06,1018.1,12.8
2026-09-30T06:56Z,KIAG,30.04,,11.7
2026-09-30T07:02Z,KIAG,30.04,,11.1
2026-09-30T07:07Z,KIAG,30.04,,10.6
2026-09-30T07:12Z,KIAG,30.04,,11.1
2026-09-30T07:14Z,KIAG,30.04,,11.7
2026-09-30T07:21Z,KIAG,30.04,,11.1
2026-09-30T07:27Z,KIAG,30.04,,11.1
2026-09-30T07:33Z,KIAG,30.04,,10.0
2026-09-30T07:41Z,KIAG,30.04,,10.6
2026-09-30T07:50Z,KIAG,30.04,,11.0
2026-09-30T07:53Z,KDKK,30.05,1017.4,16.1
2026-09-30T07:53Z,KIAG,30.04,1017.4,10.6
2026-09-30T07:54Z,KROC,30.06,1018.1,12.8
2026-09-30T07:57Z,KIAG,30.04,,10.6
2026-09-30T08:00Z,KIAG,30.04,,10.6
2026-09-30T08:21Z,KIAG,30.03,,10.6
2026-09-30T08:23Z,KIAG,30.03,,10.6
2026-09-30T08:26Z,KIAG,30.03,,10.6
2026-09-30T08:29Z,KIAG,30.03,,10.6
2026-09-30T08:36Z,KIAG,30.04,,10.0
2026-09-30T08:39Z,KIAG,30.04,,10.0
2026-09-30T08:44Z,KIAG,30.04,,10.0
2026-09-30T08:49Z,KIAG,30.04,,11.0
2026-09-30T08:53Z,KDKK,30.05,1017.3,15.6
2026-09-30T08:53Z,KIAG,30.04,1017.4,10.6
2026-09-30T08:54Z,KROC,30.06,1018.1,12.8
2026-09-30T09:04Z,KIAG,30.04,,10.0
2026-09-30T09:17Z,KIAG,30.04,,10.0
2026-09-30T09:19Z,KIAG,30.04,,10.0
2026-09-30T09:28Z,KIAG,30.04,,10.0
2026-09-30T09:38Z,KIAG,30.04,,10.0
2026-09-30T09:43Z,KIAG,30.04,,10.0
2026-09-30T09:53Z,KDKK,30.06,1017.7,16.1
2026-09-30T09:53Z,KIAG,30.04,1017.5,10.6
2026-09-30T09:54Z,KROC,30.06,1018.2,12.2
2026-09-30T10:04Z,KIAG,30.04,,10.6
2026-09-30T10:10Z,KIAG,30.04,,10.0
2026-09-30T10:13Z,KIAG,30.04,,10.0
2026-09-30T10:31Z,KIAG,30.05,,10.0
2026-09-30T10:53Z,KDKK,30.07,1018.0,16.1
2026-09-30T10:53Z,KIAG,30.05,1017.8,10.0
2026-09-30T10:54Z,KROC,30.07,1018.5,12.2
2026-09-30T11:53Z,KDKK,30.07,1018.3,16.7
2026-09-30T11:53Z,KIAG,30.05,1018.0,11.1
2026-09-30T11:54Z,KROC,30.08,1019.0,12.2
2026-09-30T12:53Z,KDKK,30.07,1018.2,18.3
2026-09-30T12:53Z,KIAG,30.05,1017.7,16.1
2026-09-30T12:54Z,KROC,30.08,1018.9,14.4
2026-09-30T13:53Z,KDKK,30.07,1018.2,19.4
2026-09-30T13:53Z,KIAG,30.05,1017.5,18.3
2026-09-30T13:54Z,KROC,30.08,1018.8,17.8
2026-09-30T14:53Z,KDKK,30.07,1018.1,21.1
2026-09-30T14:53Z,KIAG,30.05,1017.7,19.4
2026-09-30T14:54Z,KROC,30.07,1018.5,20.0
2026-09-30T15:53Z,KDKK,30.08,1018.4,21.7
2026-09-30T15:53Z,KIAG,30.05,1017.7,20.6
2026-09-30T15:54Z,KROC,30.07,1018.5,21.1
2026-09-30T16:53Z,KDKK,30.07,1018.0,22.8
2026-09-30T16:53Z,KIAG,30.04,1017.4,22.2
2026-09-30T16:54Z,KROC,30.06,1018.1,22.8
2026-09-30T17:53Z,KDKK,30.05,1017.6,24.4
2026-09-30T17:53Z,KIAG,30.04,1017.1,22.2
2026-09-30T17:54Z,KROC,30.05,1017.6,22.8
2026-09-30T18:53Z,KDKK,30.04,1017.0,23.9
2026-09-30T18:53Z,KIAG,30.02,1016.4,22.2
2026-09-30T18:54Z,KROC,30.03,1017.2,23.9
2026-09-30T19:53Z,KDKK,30.04,1017.0,22.8
2026-09-30T19:53Z,KIAG,30.02,1016.5,21.7
2026-09-30T19:54Z,KROC,30.03,1017.0,23.3
2026-09-30T20:53Z,KDKK,30.03,1016.5,22.2
2026-09-30T20:53Z,KIAG,30.01,1016.2,21.7
2026-09-30T20:54Z,KROC,30.03,1017.0,22.8
2026-09-30T21:53Z,KDKK,30.02,1016.3,21.7
2026-09-30T21:53Z,KIAG,30.01,1016.2,20.6
2026-09-30T21:54Z,KROC,30.02,1016.8,21.7
2026-09-30T22:53Z,KDKK,30.03,1016.7,18.9
2026-09-30T22:53Z,KIAG,30.00,1016.1,19.4
2026-09-30T22:54Z,KROC,30.02,1016.8,20.0
2026-09-30T23:53Z,KDKK,30.03,1016.7,19.4
2026-09-30T23:53Z,KIAG,30.01,1016.3,18.9
2026-09-30T23:54Z,KROC,30.03,1017.1,18.9
2026-10-01T00:53Z,KDKK,30.03,1016.7,19.4
2026-10-01T00:53Z,KIAG,30.01,1016.0,18.9
2026-10-01T00:54Z,KROC,30.03,1017.1,18.3
2026-10-01T01:53Z,KDKK,30.03,1016.7,20.0
2026-10-01T01:53Z,KIAG,30.01,1016.0,18.9
2026-10-01T01:54Z,KROC,30.03,1017.1,18.9
2026-10-01T02:53Z,KDKK,30.04,1016.9,19.4
2026-10-01T02:53Z,KIAG,30.00,1015.8,18.9
2026-10-01T02:54Z,KROC,30.03,1017.1,17.8
2026-10-01T03:53Z,KDKK,30.03,1016.7,17.8
2026-10-01T03:53Z,KIAG,30.00,1015.5,20.0
2026-10-01T03:54Z,KROC,30.02,1016.7,18.3
2026-10-01T04:53Z,KDKK,30.03,1016.5,17.2
2026-10-01T04:53Z,KIAG,30.00,1015.7,17.8
2026-10-01T04:54Z,KROC,30.02,1016.5,17.8
2026-10-01T05:04Z,KDKK,30.03,,17.2
2026-10-01T05:14Z,KDKK,30.03,,17.2
2026-10-01T05:34Z,KDKK,30.02,,16.7
2026-10-01T05:53Z,KDKK,30.01,1016.0,16.7
2026-10-01T05:53Z,KIAG,29.99,1015.5,17.2
2026-10-01T05:54Z,KROC,30.01,1016.3,17.8
2026-10-01T06:02Z,KDKK,30.01,,17.2
2026-10-01T06:37Z,KIAG,29.99,,17.2
2026-10-01T06:44Z,KIAG,29.99,,17.2
2026-10-01T06:53Z,KDKK,29.99,1015.0,17.8
2026-10-01T06:53Z,KIAG,29.99,1015.3,17.2
2026-10-01T06:54Z,KROC,30.02,1016.6,17.8
2026-10-01T07:11Z,KIAG,29.98,,17.2
2026-10-01T07:14Z,KIAG,29.98,,17.2
2026-10-01T07:23Z,KIAG,29.98,,17.2
2026-10-01T07:53Z,KDKK,29.96,1014.3,18.9
2026-10-01T07:53Z,KIAG,29.96,1014.4,16.7
2026-10-01T07:54Z,KROC,30.01,1016.4,16.1
2026-10-01T08:53Z,KDKK,29.97,1014.8,18.9
2026-10-01T08:53Z,KIAG,29.96,1014.4,16.7
2026-10-01T08:54Z,KROC,30.01,1016.4,16.1
2026-10-01T09:53Z,KDKK,29.98,1015.1,18.9
2026-10-01T09:53Z,KIAG,29.96,1014.4,17.2
2026-10-01T09:54Z,KROC,30.00,1016.0,16.1
2026-10-01T10:53Z,KDKK,30.03,1016.5,18.3
2026-10-01T10:53Z,KIAG,29.96,1014.5,17.8
2026-10-01T10:54Z,KROC,30.00,1015.9,16.7
2026-10-01T11:02Z,KDKK,30.01,,17.8
2026-10-01T11:07Z,KDKK,30.00,,17.8
2026-10-01T11:53Z,KDKK,29.98,1015.1,18.3
2026-10-01T11:53Z,KIAG,29.96,1014.2,18.3
2026-10-01T11:54Z,KROC,30.00,1016.1,17.2
2026-10-01T12:53Z,KDKK,29.97,1014.5,19.4
2026-10-01T12:53Z,KIAG,29.95,1014.0,18.3
2026-10-01T12:54Z,KROC,29.99,1015.7,17.8
2026-10-01T13:53Z,KDKK,29.97,1014.6,20.0
2026-10-01T13:53Z,KIAG,29.94,1013.6,18.3
2026-10-01T13:54Z,KROC,29.98,1015.3,18.3
2026-10-01T14:53Z,KDKK,29.96,1014.3,22.2
2026-10-01T14:53Z,KIAG,29.92,1013.0,20.0
2026-10-01T14:54Z,KROC,29.95,1014.4,19.4
2026-10-01T15:53Z,KDKK,29.95,1014.0,22.2
2026-10-01T15:53Z,KIAG,29.91,1012.3,21.7
2026-10-01T15:54Z,KROC,29.92,1013.4,20.6
2026-10-01T16:53Z,KDKK,29.93,1013.3,24.4
2026-10-01T16:53Z,KIAG,29.90,1012.1,22.8
2026-10-01T16:54Z,KROC,29.91,1012.8,21.7
2026-10-01T17:53Z,KDKK,29.92,1012.8,25.0
2026-10-01T17:53Z,KIAG,29.89,1011.8,23.3
2026-10-01T17:54Z,KROC,29.90,1012.4,22.2
2026-10-01T18:53Z,KDKK,29.91,1012.6,26.1
2026-10-01T18:53Z,KIAG,29.88,1011.6,22.2
2026-10-01T18:54Z,KROC,29.88,1012.0,23.9
2026-10-01T19:53Z,KDKK,29.90,1012.1,27.2
2026-10-01T19:53Z,KIAG,29.88,1011.5,22.8
2026-10-01T19:54Z,KROC,29.89,1012.0,24.4
2026-10-01T20:53Z,KDKK,29.90,1012.0,26.7
2026-10-01T20:53Z,KIAG,29.87,1011.2,22.8
2026-10-01T20:54Z,KROC,29.88,1011.9,23.9
2026-10-01T21:53Z,KDKK,29.90,1012.0,23.9
2026-10-01T21:53Z,KIAG,29.87,1011.1,22.8
2026-10-01T21:54Z,KROC,29.88,1012.0,22.8
2026-10-01T22:53Z,KDKK,29.89,1011.8,22.8
2026-10-01T22:53Z,KIAG,29.87,1011.1,22.2
2026-10-01T22:54Z,KROC,29.88,1012.0,22.2
2026-10-01T23:53Z,KDKK,29.89,1011.9,23.3
2026-10-01T23:53Z,KIAG,29.87,1011.1,21.1
2026-10-01T23:54Z,KROC,29.88,1012.0,22.2
2026-10-02T00:53Z,KDKK,29.88,1011.6,23.9
2026-10-02T00:53Z,KIAG,29.86,1011.0,20.6
2026-10-02T00:54Z,KROC,29.88,1011.8,21.7
2026-10-02T01:53Z,KDKK,29.87,1011.0,23.9
2026-10-02T01:53Z,KIAG,29.85,1010.7,20.6
2026-10-02T01:54Z,KROC,29.87,1011.6,21.1
2026-10-02T02:53Z,KDKK,29.87,1010.9,24.4
2026-10-02T02:53Z,KIAG,29.84,1010.2,20.6
2026-10-02T02:54Z,KROC,29.85,1010.9,20.6
2026-10-02T03:53Z,KDKK,29.87,1010.9,24.4
2026-10-02T03:53Z,KIAG,29.86,1010.7,20.6
2026-10-02T03:54Z,KROC,29.84,1010.6,22.2
2026-10-02T04:53Z,KDKK,29.90,1011.9,23.3
2026-10-02T04:53Z,KIAG,29.86,1010.7,20.0
2026-10-02T04:54Z,KROC,29.87,1011.4,21.7
2026-10-02T05:53Z,KDKK,29.87,1011.1,22.2
2026-10-02T05:53Z,KIAG,29.84,1010.2,20.0
2026-10-02T05:54Z,KROC,29.86,1011.2,20.0
2026-10-02T06:36Z,KIAG,29.84,,19.4
2026-10-02T06:53Z,KDKK,29.85,1010.4,21.7
2026-10-02T06:53Z,KIAG,29.83,1009.8,19.4
2026-10-02T06:54Z,KROC,29.84,1010.6,20.6
2026-10-02T07:47Z,KIAG,29.81,,19.0
2026-10-02T07:53Z,KDKK,29.83,1009.5,21.7
2026-10-02T07:53Z,KIAG,29.81,1009.2,18.9
2026-10-02T07:54Z,KROC,29.82,1009.7,20.6
2026-10-02T08:00Z,KIAG,29.81,,18.9
2026-10-02T08:05Z,KIAG,29.81,,18.9
2026-10-02T08:13Z,KIAG,29.82,,18.9
2026-10-02T08:22Z,KIAG,29.83,,17.2
2026-10-02T08:30Z,KIAG,29.84,,17.2
2026-10-02T08:46Z,KIAG,29.85,,16.7
2026-10-02T08:49Z,KIAG,29.86,,17.0
2026-10-02T08:53Z,KDKK,29.84,1009.9,21.1
2026-10-02T08:53Z,KIAG,29.86,1010.8,16.7
2026-10-02T08:54Z,KROC,29.81,1009.4,20.0
2026-10-02T09:02Z,KIAG,29.85,,16.7
2026-10-02T09:06Z,KIAG,29.86,,16.7
2026-10-02T09:11Z,KROC,29.81,,20.0
2026-10-02T09:20Z,KIAG,29.86,,16.7
2026-10-02T09:31Z,KIAG,29.85,,16.7
2026-10-02T09:38Z,KIAG,29.86,,16.7
2026-10-02T09:45Z,KDKK,29.87,,20.0
2026-10-02T09:45Z,KIAG,29.86,,16.7
2026-10-02T09:49Z,KDKK,29.87,,19.0
2026-10-02T09:49Z,KIAG,29.88,,17.0
2026-10-02T09:53Z,KDKK,29.87,1011.2,18.9
2026-10-02T09:53Z,KIAG,29.88,1011.7,16.7
2026-10-02T09:54Z,KROC,29.84,1010.4,20.0
2026-10-02T10:07Z,KIAG,29.89,,16.1
2026-10-02T10:07Z,KROC,29.86,,18.9
2026-10-02T10:08Z,KDKK,29.88,,17.8
2026-10-02T10:13Z,KIAG,29.89,,16.1
2026-10-02T10:23Z,KIAG,29.88,,16.1
2026-10-02T10:42Z,KIAG,29.89,,15.0
2026-10-02T10:53Z,KDKK,29.92,1012.7,17.2
2026-10-02T10:53Z,KIAG,29.90,1012.3,15.0
2026-10-02T10:54Z,KROC,29.87,1011.4,17.2
2026-10-02T11:10Z,KIAG,29.91,,14.4
2026-10-02T11:15Z,KDKK,29.94,,16.1
2026-10-02T11:28Z,KDKK,29.95,,16.1
2026-10-02T11:50Z,KDKK,29.96,,16.0
2026-10-02T11:53Z,KDKK,29.95,1014.1,15.6
2026-10-02T11:53Z,KIAG,29.93,1013.5,13.3
2026-10-02T11:54Z,KROC,29.90,1012.6,16.7
2026-10-02T12:01Z,KDKK,29.96,,15.6
2026-10-02T12:04Z,KDKK,29.96,,15.6
2026-10-02T12:14Z,KDKK,29.96,,15.6
2026-10-02T12:31Z,KROC,29.92,,16.7
2026-10-02T12:53Z,KDKK,29.98,1015.0,15.0
2026-10-02T12:53Z,KIAG,29.98,1015.3,12.8
2026-10-02T12:54Z,KROC,29.92,1013.5,16.7
2026-10-02T13:33Z,KIAG,29.99,,12.2
2026-10-02T13:53Z,KDKK,30.03,1016.6,13.3
2026-10-02T13:53Z,KIAG,29.98,1015.2,12.8
2026-10-02T13:54Z,KROC,29.96,1014.6,15.6
2026-10-02T14:02Z,KDKK,30.03,,13.3
2026-10-02T14:13Z,KDKK,30.03,,13.3
2026-10-02T14:40Z,KDKK,30.01,,13.9
2026-10-02T14:53Z,KDKK,30.02,1016.4,13.9
2026-10-02T14:53Z,KIAG,30.00,1016.0,13.3
2026-10-02T14:54Z,KROC,29.96,1014.8,15.6
2026-10-02T15:01Z,KDKK,30.03,,13.9
2026-10-02T15:19Z,KROC,29.97,,16.1
2026-10-02T15:29Z,KROC,29.97,,16.1
2026-10-02T15:48Z,KDKK,30.05,,14.0
2026-10-02T15:53Z,KDKK,30.05,1017.2,14.4
2026-10-02T15:53Z,KIAG,30.01,1016.4,13.9
2026-10-02T15:54Z,KROC,29.98,1015.5,16.1
2026-10-02T16:04Z,KROC,29.99,,15.6
2026-10-02T16:20Z,KDKK,30.05,,15.0
2026-10-02T16:20Z,KROC,29.99,,15.6
2026-10-02T16:53Z,KDKK,30.06,1017.7,15.0
2026-10-02T16:53Z,KIAG,30.02,1016.7,14.4
2026-10-02T16:54Z,KROC,30.00,1016.0,16.1
2026-10-02T17:47Z,KROC,30.01,,16.1
2026-10-02T17:53Z,KDKK,30.07,1017.9,16.1
2026-10-02T17:53Z,KIAG,30.03,1016.9,16.7
2026-10-02T17:54Z,KROC,30.01,1016.3,16.1
2026-10-02T18:53Z,KDKK,30.08,1018.3,17.2
2026-10-02T18:53Z,KIAG,30.04,1017.3,17.2
2026-10-02T18:54Z,KROC,30.01,1016.3,17.2
2026-10-02T19:53Z,KDKK,30.08,1018.3,16.7
2026-10-02T19:53Z,KIAG,30.05,1017.6,17.2
2026-10-02T19:54Z,KROC,30.03,1017.1,16.7
2026-10-02T20:49Z,KROC,30.05,,17.0
2026-10-02T20:53Z,KDKK,30.09,1018.8,17.2
2026-10-02T20:53Z,KIAG,30.07,1018.1,17.2
2026-10-02T20:54Z,KROC,30.05,1017.8,16.7
2026-10-02T21:27Z,KROC,30.06,,16.1
2026-10-02T21:53Z,KDKK,30.10,1019.2,16.7
2026-10-02T21:53Z,KIAG,30.08,1018.6,16.7
2026-10-02T21:54Z,KROC,30.06,1018.2,16.1
2026-10-02T22:53Z,KDKK,30.12,1019.7,16.7
2026-10-02T22:53Z,KIAG,30.10,1019.4,15.6
2026-10-02T22:54Z,KROC,30.08,1019.0,15.0
2026-10-02T23:53Z,KDKK,30.14,1020.4,17.2
2026-10-02T23:53Z,KIAG,30.13,1020.5,15.0
2026-10-02T23:54Z,KROC,30.11,1020.0,14.4
2026-10-03T00:53Z,KDKK,30.17,1021.6,16.1
2026-10-03T00:53Z,KIAG,30.16,1021.8,13.9
2026-10-03T00:54Z,KROC,30.14,1020.8,13.9
2026-10-03T01:53Z,KDKK,30.19,1022.4,15.6
2026-10-03T01:53Z,KIAG,30.18,1022.4,12.8
2026-10-03T01:54Z,KROC,30.16,1021.8,12.8
2026-10-03T02:53Z,KDKK,30.21,1022.9,15.0
2026-10-03T02:53Z,KIAG,30.19,1022.7,12.2
2026-10-03T02:54Z,KROC,30.17,1022.1,11.7
2026-10-03T03:53Z,KDKK,30.22,1023.3,14.4
2026-10-03T03:53Z,KIAG,30.21,1023.4,11.7
2026-10-03T03:54Z,KROC,30.19,1022.9,9.4
2026-10-03T04:53Z,KDKK,30.23,1023.8,13.9
2026-10-03T04:53Z,KIAG,30.22,1023.9,11.1
2026-10-03T04:54Z,KROC,30.21,1023.5,8.9
2026-10-03T05:53Z,KDKK,30.24,1024.1,13.9
2026-10-03T05:53Z,KIAG,30.23,1024.1,10.0
2026-10-03T05:54Z,KROC,30.23,1024.1,7.8
2026-10-03T06:53Z,KDKK,30.25,1024.4,7.8
2026-10-03T06:53Z,KIAG,30.25,1024.6,8.9
2026-10-03T06:54Z,KROC,30.25,1024.7,7.8
2026-10-03T07:53Z,KDKK,30.26,1024.9,7.8
2026-10-03T07:53Z,KIAG,30.26,1025.1,7.2
2026-10-03T07:54Z,KROC,30.26,1024.9,10.0
2026-10-03T08:16Z,KDKK,30.26,,8.3
2026-10-03T08:25Z,KDKK,30.27,,8.3
2026-10-03T08:53Z,KDKK,30.27,1025.2,7.2
2026-10-03T08:53Z,KIAG,30.27,1025.5,7.2
2026-10-03T08:54Z,KROC,30.28,1025.7,8.9
2026-10-03T09:53Z,KDKK,30.28,1025.7,6.7
2026-10-03T09:53Z,KIAG,30.29,1026.3,6.1
2026-10-03T09:54Z,KROC,30.29,1026.2,7.8
2026-10-03T10:53Z,KDKK,30.31,1026.4,5.6
2026-10-03T10:53Z,KIAG,30.31,1026.7,6.7
2026-10-03T10:54Z,KROC,30.31,1026.8,8.3
2026-10-03T11:33Z,KDKK,30.32,,6.1
2026-10-03T11:39Z,KDKK,30.32,,5.6
2026-10-03T11:46Z,KDKK,30.33,,6.1
2026-10-03T11:48Z,KDKK,30.33,,6.0
2026-10-03T11:53Z,KDKK,30.33,1027.2,6.7
2026-10-03T11:53Z,KIAG,30.33,1027.7,6.1
2026-10-03T11:54Z,KROC,30.33,1027.5,7.2
2026-10-03T12:53Z,KDKK,30.34,1027.5,11.7
2026-10-03T12:53Z,KIAG,30.35,1028.1,11.1
2026-10-03T12:54Z,KROC,30.35,1028.1,11.7
2026-10-03T13:53Z,KDKK,30.35,1027.9,13.9
2026-10-03T13:53Z,KIAG,30.36,1028.4,13.9
2026-10-03T13:54Z,KROC,30.37,1028.8,13.9
2026-10-03T14:53Z,KDKK,30.36,1028.1,14.4
2026-10-03T14:53Z,KIAG,30.37,1028.6,15.6
2026-10-03T14:54Z,KROC,30.38,1029.1,13.9
2026-10-03T15:53Z,KDKK,30.36,1028.0,15.6
2026-10-03T15:53Z,KIAG,30.37,1028.7,16.1
2026-10-03T15:54Z,KROC,30.38,1029.2,15.0
2026-10-03T16:53Z,KDKK,30.34,1027.4,16.7
2026-10-03T16:53Z,KIAG,30.35,1028.2,16.7
2026-10-03T16:54Z,KROC,30.37,1028.8,15.6
2026-10-03T17:53Z,KDKK,30.33,1027.0,16.7
2026-10-03T17:53Z,KIAG,30.34,1027.7,17.2
2026-10-03T17:54Z,KROC,30.36,1028.7,15.6
2026-10-03T18:53Z,KDKK,30.30,1026.3,17.8
2026-10-03T18:53Z,KIAG,30.32,1027.1,17.8
2026-10-03T18:54Z,KROC,30.35,1028.2,15.6
2026-10-03T19:53Z,KDKK,30.28,1025.5,17.8
2026-10-03T19:53Z,KIAG,30.30,1026.5,17.8
2026-10-03T19:54Z,KROC,30.33,1027.6,15.6
2026-10-03T20:53Z,KDKK,30.27,1025.0,17.8
2026-10-03T20:53Z,KIAG,30.29,1026.4,17.2
2026-10-03T20:54Z,KROC,30.32,1027.2,15.0
2026-10-03T21:53Z,KDKK,30.27,1025.2,17.2
2026-10-03T21:53Z,KIAG,30.29,1026.3,15.6
2026-10-03T21:54Z,KROC,30.32,1027.3,13.3
2026-10-03T22:53Z,KDKK,30.27,1025.2,15.6
2026-10-03T22:53Z,KIAG,30.29,1026.4,13.3
2026-10-03T22:54Z,KROC,30.32,1027.3,11.7
2026-10-03T23:53Z,KDKK,30.27,1025.3,12.2
2026-10-03T23:53Z,KIAG,30.29,1026.7,10.6
2026-10-03T23:54Z,KROC,30.33,1027.6,11.1
2026-10-04T00:53Z,KDKK,30.28,1025.4,10.0
2026-10-04T00:53Z,KIAG,30.30,1026.5,9.4
2026-10-04T00:54Z,KROC,30.32,1027.4,8.9
2026-10-04T01:53Z,KDKK,30.27,1025.3,10.0
2026-10-04T01:53Z,KIAG,30.29,1026.3,8.3
2026-10-04T01:54Z,KROC,30.32,1027.3,8.3
2026-10-04T02:53Z,KDKK,30.26,1024.8,9.4
2026-10-04T02:53Z,KIAG,30.29,1026.1,8.3
2026-10-04T02:54Z,KROC,30.32,1027.1,7.2
2026-10-04T03:53Z,KDKK,30.25,1024.3,10.0
2026-10-04T03:53Z,KIAG,30.27,1025.6,7.8
2026-10-04T03:54Z,KROC,30.31,1026.8,6.7
2026-10-04T04:53Z,KDKK,30.23,1023.6,11.7
2026-10-04T04:53Z,KIAG,30.25,1024.8,7.2
2026-10-04T04:54Z,KROC,30.29,1026.1,6.1
2026-10-04T05:53Z,KDKK,30.21,1022.9,12.8
2026-10-04T05:53Z,KIAG,30.23,1024.3,6.7
2026-10-04T05:54Z,KROC,30.27,1025.5,5.6
2026-10-04T06:53Z,KDKK,30.19,1022.4,11.7
2026-10-04T06:53Z,KIAG,30.21,1023.6,6.7
2026-10-04T06:54Z,KROC,30.25,1024.9,5.6
2026-10-04T07:53Z,KDKK,30.17,1021.7,8.9
2026-10-04T07:53Z,KIAG,30.18,1022.6,6.7
2026-10-04T07:54Z,KROC,30.23,1024.0,5.6
2026-10-04T08:53Z,KDKK,30.16,1021.3,11.1
2026-10-04T08:53Z,KIAG,30.17,1022.0,7.2
2026-10-04T08:54Z,KROC,30.22,1023.8,5.6
2026-10-04T09:53Z,KDKK,30.16,1021.4,11.1
2026-10-04T09:53Z,KIAG,30.17,1022.1,6.1
2026-10-04T09:54Z,KROC,30.21,1023.6,5.6
2026-10-04T10:53Z,KDKK,30.15,1021.2,13.3
2026-10-04T10:53Z,KIAG,30.15,1021.7,5.6
2026-10-04T10:54Z,KROC,30.20,1023.3,5.6
2026-10-04T11:53Z,KDKK,30.14,1020.7,14.4
2026-10-04T11:53Z,KIAG,30.16,1021.9,7.8
2026-10-04T11:54Z,KROC,30.19,1023.0,7.2
2026-10-04T12:53Z,KDKK,30.16,1021.4,15.0
2026-10-04T12:53Z,KIAG,30.16,1021.8,10.6
2026-10-04T12:54Z,KROC,30.18,1022.7,10.0
2026-10-04T13:53Z,KDKK,30.17,1021.8,16.1
2026-10-04T13:53Z,KIAG,30.15,1021.3,15.6
2026-10-04T13:54Z,KROC,30.18,1022.6,13.9
2026-10-04T14:53Z,KDKK,30.14,1020.8,18.3
2026-10-04T14:53Z,KIAG,30.13,1020.7,17.2
2026-10-04T14:54Z,KROC,30.17,1022.1,16.7
2026-10-04T15:53Z,KDKK,30.13,1020.3,18.9
2026-10-04T15:53Z,KIAG,30.08,1018.9,17.2
2026-10-04T15:54Z,KROC,30.14,1021.1,17.8
2026-10-04T16:53Z,KDKK,30.07,1018.1,19.4
2026-10-04T16:53Z,KIAG,30.06,1018.4,18.3
2026-10-04T16:54Z,KROC,30.10,1019.6,19.4
2026-10-04T17:53Z,KDKK,30.09,1019.0,19.4
2026-10-04T17:53Z,KIAG,30.06,1018.3,19.4
2026-10-04T17:54Z,KROC,30.04,1017.6,19.4
